[{"provincia":"Pinar del Río","municipio":"Sandino","casos":0},{"provincia":"Pinar del Río","municipio":"Mantua","casos":1},{"provincia":"Pinar del Río","municipio":"Minas de Matahambre","casos":0},{"provincia":"Pinar del Río","municipio":"Viñales","casos":2},{"provincia":"Pinar del Río","municipio":"La Palma","casos":0},{"provincia":"Pinar del Río","municipio":"Los Palacios","casos":0},{"provincia":"Pinar del Río","municipio":"Consolación del Sur","casos":13},{"provincia":"Pinar del Río","municipio":"Pinar del Río","casos":15},{"provincia":"Pinar del Río","municipio":"San Luis","casos":2},{"provincia":"Pinar del Río","municipio":"San Juan y Martínez","casos":0},{"provincia":"Pinar del Río","municipio":"Guane","casos":19},{"provincia":"Artemisa","municipio":"Bahía Honda","casos":1},{"provincia":"Artemisa","municipio":"Mariel","casos":7},{"provincia":"Artemisa","municipio":"Guanajay","casos":2},{"provincia":"Artemisa","municipio":"Caimito","casos":1},{"provincia":"Artemisa","municipio":"Bauta","casos":12},{"provincia":"Artemisa","municipio":"San Antonio de los Baños","casos":4},{"provincia":"Artemisa","municipio":"Güira de Melena","casos":3},{"provincia":"Artemisa","municipio":"Alquízar","casos":0},{"provincia":"Artemisa","municipio":"Artemisa","casos":4},{"provincia":"Artemisa","municipio":"Candelaria","casos":0},{"provincia":"Artemisa","municipio":"San Cristóbal","casos":4},{"provincia":"La Habana","municipio":"Playa","casos":103},{"provincia":"La Habana","municipio":"Plaza de la Revolución","casos":72},{"provincia":"La Habana","municipio":"Centro Habana","casos":167},{"provincia":"La Habana","municipio":"La Habana Vieja","casos":61},{"provincia":"La Habana","municipio":"Regla","casos":36},{"provincia":"La Habana","municipio":"La Habana del Este","casos":0},{"provincia":"La Habana","municipio":"Guanabacoa","casos":41},{"provincia":"La Habana","municipio":"San Miguel del Padrón","casos":88},{"provincia":"La Habana","municipio":"Diez de Octubre","casos":93},{"provincia":"La Habana","municipio":"Cerro","casos":129},{"provincia":"La Habana","municipio":"Marianao","casos":72},{"provincia":"La Habana","municipio":"La Lisa","casos":113},{"provincia":"La Habana","municipio":"Boyeros","casos":50},{"provincia":"La Habana","municipio":"Arroyo Naranjo","casos":94},{"provincia":"La Habana","municipio":"Cotorro","casos":147},{"provincia":"Mayabeque","municipio":"Bejucal","casos":0},{"provincia":"Mayabeque","municipio":"San José de las Lajas","casos":34},{"provincia":"Mayabeque","municipio":"Jaruco","casos":0},{"provincia":"Mayabeque","municipio":"Santa Cruz del Norte","casos":0},{"provincia":"Mayabeque","municipio":"Madruga","casos":2},{"provincia":"Mayabeque","municipio":"Nueva Paz","casos":0},{"provincia":"Mayabeque","municipio":"San Nicolás","casos":0},{"provincia":"Mayabeque","municipio":"Güines","casos":3},{"provincia":"Mayabeque","municipio":"Melena del Sur","casos":11},{"provincia":"Mayabeque","municipio":"Batabanó","casos":6},{"provincia":"Mayabeque","municipio":"Quivicán","casos":0},{"provincia":"Matanzas","municipio":"Matanzas","casos":100},{"provincia":"Matanzas","municipio":"Cárdenas","casos":58},{"provincia":"Matanzas","municipio":"Martí","casos":1},{"provincia":"Matanzas","municipio":"Colón","casos":3},{"provincia":"Matanzas","municipio":"Perico","casos":1},{"provincia":"Matanzas","municipio":"Jovellanos","casos":10},{"provincia":"Matanzas","municipio":"Pedro Betancourt","casos":2},{"provincia":"Matanzas","municipio":"Limonar","casos":20},{"provincia":"Matanzas","municipio":"Unión de Reyes","casos":2},{"provincia":"Matanzas","municipio":"Ciénaga de Zapata","casos":0},{"provincia":"Matanzas","municipio":"Jagüey Grande","casos":8},{"provincia":"Matanzas","municipio":"Calimete","casos":1},{"provincia":"Matanzas","municipio":"Los Arabos","casos":1},{"provincia":"Villa Clara","municipio":"Corralillo","casos":4},{"provincia":"Villa Clara","municipio":"Quemado de Güines","casos":0},{"provincia":"Villa Clara","municipio":"Sagua la Grande","casos":0},{"provincia":"Villa Clara","municipio":"Encrucijada","casos":1},{"provincia":"Villa Clara","municipio":"Camajuaní","casos":25},{"provincia":"Villa Clara","municipio":"Caibarién","casos":8},{"provincia":"Villa Clara","municipio":"Remedios","casos":4},{"provincia":"Villa Clara","municipio":"Placetas","casos":12},{"provincia":"Villa Clara","municipio":"Santa Clara","casos":138},{"provincia":"Villa Clara","municipio":"Cifuentes","casos":10},{"provincia":"Villa Clara","municipio":"Santo Domingo","casos":5},{"provincia":"Villa Clara","municipio":"Ranchuelo","casos":7},{"provincia":"Villa Clara","municipio":"Manicaragua","casos":6},{"provincia":"Cienfuegos","municipio":"Aguada de Pasajeros","casos":2},{"provincia":"Cienfuegos","municipio":"Rodas","casos":0},{"provincia":"Cienfuegos","municipio":"Palmira","casos":0},{"provincia":"Cienfuegos","municipio":"Lajas","casos":1},{"provincia":"Cienfuegos","municipio":"Cruces","casos":1},{"provincia":"Cienfuegos","municipio":"Cumanayagua","casos":3},{"provincia":"Cienfuegos","municipio":"Cienfuegos","casos":18},{"provincia":"Cienfuegos","municipio":"Abreus","casos":0},{"provincia":"Sancti Spíritus","municipio":"Yaguajay","casos":0},{"provincia":"Sancti Spíritus","municipio":"Jatibonico","casos":0},{"provincia":"Sancti Spíritus","municipio":"Taguasco","casos":18},{"provincia":"Sancti Spíritus","municipio":"Cabaiguán","casos":33},{"provincia":"Sancti Spíritus","municipio":"Fomento","casos":0},{"provincia":"Sancti Spíritus","municipio":"Trinidad","casos":6},{"provincia":"Sancti Spíritus","municipio":"Sancti Spíritus","casos":9},{"provincia":"Sancti Spíritus","municipio":"La Sierpe","casos":2},{"provincia":"Ciego de Ávila","municipio":"Chambas","casos":1},{"provincia":"Ciego de Ávila","municipio":"Morón","casos":26},{"provincia":"Ciego de Ávila","municipio":"Bolivia","casos":2},{"provincia":"Ciego de Ávila","municipio":"Primero de Enero","casos":0},{"provincia":"Ciego de Ávila","municipio":"Ciro Redondo","casos":1},{"provincia":"Ciego de Ávila","municipio":"Florencia","casos":16},{"provincia":"Ciego de Ávila","municipio":"Majagua","casos":5},{"provincia":"Ciego de Ávila","municipio":"Ciego de Ávila","casos":21},{"provincia":"Ciego de Ávila","municipio":"Venezuela","casos":18},{"provincia":"Ciego de Ávila","municipio":"Baraguá","casos":6},{"provincia":"Camagüey","municipio":"Carlos Manuel de Céspedes","casos":0},{"provincia":"Camagüey","municipio":"Esmeralda","casos":1},{"provincia":"Camagüey","municipio":"Sierra de Cubitas","casos":0},{"provincia":"Camagüey","municipio":"Minas","casos":0},{"provincia":"Camagüey","municipio":"Nuevitas","casos":4},{"provincia":"Camagüey","municipio":"Guáimaro","casos":0},{"provincia":"Camagüey","municipio":"Sibanicú","casos":1},{"provincia":"Camagüey","municipio":"Camagüey","casos":35},{"provincia":"Camagüey","municipio":"Florida","casos":7},{"provincia":"Camagüey","municipio":"Vertientes","casos":1},{"provincia":"Camagüey","municipio":"Jimaguayú","casos":0},{"provincia":"Camagüey","municipio":"Najasa","casos":0},{"provincia":"Camagüey","municipio":"Santa Cruz del Sur","casos":0},{"provincia":"Las Tunas","municipio":"Manatí","casos":1},{"provincia":"Las Tunas","municipio":"Puerto Padre","casos":8},{"provincia":"Las Tunas","municipio":"Jesús Menéndez","casos":2},{"provincia":"Las Tunas","municipio":"Majibacoa","casos":1},{"provincia":"Las Tunas","municipio":"Las Tunas","casos":6},{"provincia":"Las Tunas","municipio":"Jobabo","casos":0},{"provincia":"Las Tunas","municipio":"Colombia","casos":0},{"provincia":"Las Tunas","municipio":"Amancio","casos":1},{"provincia":"Holguín","municipio":"Gibara","casos":30},{"provincia":"Holguín","municipio":"Rafael Freyre","casos":1},{"provincia":"Holguín","municipio":"Banes","casos":20},{"provincia":"Holguín","municipio":"Antilla","casos":0},{"provincia":"Holguín","municipio":"Báguanos","casos":5},{"provincia":"Holguín","municipio":"Holguín","casos":32},{"provincia":"Holguín","municipio":"Calixto García","casos":1},{"provincia":"Holguín","municipio":"Cacocum","casos":1},{"provincia":"Holguín","municipio":"Urbano Noris","casos":0},{"provincia":"Holguín","municipio":"Cueto","casos":1},{"provincia":"Holguín","municipio":"Mayarí","casos":2},{"provincia":"Holguín","municipio":"Frank País","casos":0},{"provincia":"Holguín","municipio":"Sagua de Tánamo","casos":0},{"provincia":"Holguín","municipio":"Moa","casos":1},{"provincia":"Granma","municipio":"Río Cauto","casos":0},{"provincia":"Granma","municipio":"Cauto Cristo","casos":0},{"provincia":"Granma","municipio":"Jiguaní","casos":1},{"provincia":"Granma","municipio":"Bayamo","casos":8},{"provincia":"Granma","municipio":"Yara","casos":0},{"provincia":"Granma","municipio":"Manzanillo","casos":1},{"provincia":"Granma","municipio":"Campechuela","casos":0},{"provincia":"Granma","municipio":"Media Luna","casos":0},{"provincia":"Granma","municipio":"Niquero","casos":0},{"provincia":"Granma","municipio":"Pilón","casos":0},{"provincia":"Granma","municipio":"Bartolomé Masó","casos":0},{"provincia":"Granma","municipio":"Buey Arriba","casos":0},{"provincia":"Granma","municipio":"Guisa","casos":5},{"provincia":"Santiago de Cuba","municipio":"Contramaestre","casos":7},{"provincia":"Santiago de Cuba","municipio":"Mella","casos":0},{"provincia":"Santiago de Cuba","municipio":"San Luis","casos":2},{"provincia":"Santiago de Cuba","municipio":"Segundo Frente","casos":0},{"provincia":"Santiago de Cuba","municipio":"Songo - La Maya","casos":0},{"provincia":"Santiago de Cuba","municipio":"Santiago de Cuba","casos":36},{"provincia":"Santiago de Cuba","municipio":"Palma Soriano","casos":6},{"provincia":"Santiago de Cuba","municipio":"Tercer Frente","casos":0},{"provincia":"Santiago de Cuba","municipio":"Guamá","casos":0},{"provincia":"Guantánamo","municipio":"El Salvador","casos":1},{"provincia":"Guantánamo","municipio":"Manuel Tames","casos":1},{"provincia":"Guantánamo","municipio":"Yateras","casos":0},{"provincia":"Guantánamo","municipio":"Baracoa","casos":7},{"provincia":"Guantánamo","municipio":"Maisí","casos":1},{"provincia":"Guantánamo","municipio":"Imías","casos":0},{"provincia":"Guantánamo","municipio":"San Antonio del Sur","casos":0},{"provincia":"Guantánamo","municipio":"Caimanera","casos":0},{"provincia":"Guantánamo","municipio":"Guantánamo","casos":9},{"provincia":"Guantánamo","municipio":"Niceto Pérez","casos":0},{"provincia":"Isla de la Juventud","municipio":"Isla de la Juventud","casos":42}]
