[{"Rango2":"0-9","Provincias":"Artemisa","Cantidad":2},{"Rango2":"10-19","Provincias":"Artemisa","Cantidad":2},{"Rango2":"20-29","Provincias":"Artemisa","Cantidad":5},{"Rango2":"30-39","Provincias":"Artemisa","Cantidad":8},{"Rango2":"40-49","Provincias":"Artemisa","Cantidad":8},{"Rango2":"50-59","Provincias":"Artemisa","Cantidad":8},{"Rango2":"60-69","Provincias":"Artemisa","Cantidad":3},{"Rango2":"70-79","Provincias":"Artemisa","Cantidad":1},{"Rango2":"80-89","Provincias":"Artemisa","Cantidad":1},{"Rango2":"90-99","Provincias":"Artemisa","Cantidad":0},{"Rango2":"100 o más","Provincias":"Artemisa","Cantidad":0},{"Rango2":"0-9","Provincias":"Camagüey","Cantidad":2},{"Rango2":"10-19","Provincias":"Camagüey","Cantidad":7},{"Rango2":"20-29","Provincias":"Camagüey","Cantidad":3},{"Rango2":"30-39","Provincias":"Camagüey","Cantidad":10},{"Rango2":"40-49","Provincias":"Camagüey","Cantidad":8},{"Rango2":"50-59","Provincias":"Camagüey","Cantidad":10},{"Rango2":"60-69","Provincias":"Camagüey","Cantidad":4},{"Rango2":"70-79","Provincias":"Camagüey","Cantidad":4},{"Rango2":"80-89","Provincias":"Camagüey","Cantidad":0},{"Rango2":"90-99","Provincias":"Camagüey","Cantidad":1},{"Rango2":"100 o más","Provincias":"Camagüey","Cantidad":0},{"Rango2":"0-9","Provincias":"Ciego de Ávila","Cantidad":11},{"Rango2":"10-19","Provincias":"Ciego de Ávila","Cantidad":4},{"Rango2":"20-29","Provincias":"Ciego de Ávila","Cantidad":23},{"Rango2":"30-39","Provincias":"Ciego de Ávila","Cantidad":13},{"Rango2":"40-49","Provincias":"Ciego de Ávila","Cantidad":15},{"Rango2":"50-59","Provincias":"Ciego de Ávila","Cantidad":14},{"Rango2":"60-69","Provincias":"Ciego de Ávila","Cantidad":8},{"Rango2":"70-79","Provincias":"Ciego de Ávila","Cantidad":3},{"Rango2":"80-89","Provincias":"Ciego de Ávila","Cantidad":5},{"Rango2":"90-99","Provincias":"Ciego de Ávila","Cantidad":0},{"Rango2":"100 o más","Provincias":"Ciego de Ávila","Cantidad":0},{"Rango2":"0-9","Provincias":"Cienfuegos","Cantidad":1},{"Rango2":"10-19","Provincias":"Cienfuegos","Cantidad":4},{"Rango2":"20-29","Provincias":"Cienfuegos","Cantidad":5},{"Rango2":"30-39","Provincias":"Cienfuegos","Cantidad":8},{"Rango2":"40-49","Provincias":"Cienfuegos","Cantidad":2},{"Rango2":"50-59","Provincias":"Cienfuegos","Cantidad":2},{"Rango2":"60-69","Provincias":"Cienfuegos","Cantidad":2},{"Rango2":"70-79","Provincias":"Cienfuegos","Cantidad":0},{"Rango2":"80-89","Provincias":"Cienfuegos","Cantidad":1},{"Rango2":"90-99","Provincias":"Cienfuegos","Cantidad":0},{"Rango2":"100 o más","Provincias":"Cienfuegos","Cantidad":0},{"Rango2":"0-9","Provincias":"Granma","Cantidad":2},{"Rango2":"10-19","Provincias":"Granma","Cantidad":1},{"Rango2":"20-29","Provincias":"Granma","Cantidad":4},{"Rango2":"30-39","Provincias":"Granma","Cantidad":2},{"Rango2":"40-49","Provincias":"Granma","Cantidad":1},{"Rango2":"50-59","Provincias":"Granma","Cantidad":4},{"Rango2":"60-69","Provincias":"Granma","Cantidad":1},{"Rango2":"70-79","Provincias":"Granma","Cantidad":0},{"Rango2":"80-89","Provincias":"Granma","Cantidad":0},{"Rango2":"90-99","Provincias":"Granma","Cantidad":0},{"Rango2":"100 o más","Provincias":"Granma","Cantidad":0},{"Rango2":"0-9","Provincias":"Guantánamo","Cantidad":1},{"Rango2":"10-19","Provincias":"Guantánamo","Cantidad":2},{"Rango2":"20-29","Provincias":"Guantánamo","Cantidad":2},{"Rango2":"30-39","Provincias":"Guantánamo","Cantidad":7},{"Rango2":"40-49","Provincias":"Guantánamo","Cantidad":1},{"Rango2":"50-59","Provincias":"Guantánamo","Cantidad":3},{"Rango2":"60-69","Provincias":"Guantánamo","Cantidad":2},{"Rango2":"70-79","Provincias":"Guantánamo","Cantidad":0},{"Rango2":"80-89","Provincias":"Guantánamo","Cantidad":1},{"Rango2":"90-99","Provincias":"Guantánamo","Cantidad":0},{"Rango2":"100 o más","Provincias":"Guantánamo","Cantidad":0},{"Rango2":"0-9","Provincias":"Holguín","Cantidad":2},{"Rango2":"10-19","Provincias":"Holguín","Cantidad":7},{"Rango2":"20-29","Provincias":"Holguín","Cantidad":16},{"Rango2":"30-39","Provincias":"Holguín","Cantidad":16},{"Rango2":"40-49","Provincias":"Holguín","Cantidad":12},{"Rango2":"50-59","Provincias":"Holguín","Cantidad":21},{"Rango2":"60-69","Provincias":"Holguín","Cantidad":5},{"Rango2":"70-79","Provincias":"Holguín","Cantidad":11},{"Rango2":"80-89","Provincias":"Holguín","Cantidad":4},{"Rango2":"90-99","Provincias":"Holguín","Cantidad":0},{"Rango2":"100 o más","Provincias":"Holguín","Cantidad":0},{"Rango2":"0-9","Provincias":"Isla de la Juventud","Cantidad":4},{"Rango2":"10-19","Provincias":"Isla de la Juventud","Cantidad":1},{"Rango2":"20-29","Provincias":"Isla de la Juventud","Cantidad":9},{"Rango2":"30-39","Provincias":"Isla de la Juventud","Cantidad":3},{"Rango2":"40-49","Provincias":"Isla de la Juventud","Cantidad":6},{"Rango2":"50-59","Provincias":"Isla de la Juventud","Cantidad":9},{"Rango2":"60-69","Provincias":"Isla de la Juventud","Cantidad":6},{"Rango2":"70-79","Provincias":"Isla de la Juventud","Cantidad":1},{"Rango2":"80-89","Provincias":"Isla de la Juventud","Cantidad":3},{"Rango2":"90-99","Provincias":"Isla de la Juventud","Cantidad":0},{"Rango2":"100 o más","Provincias":"Isla de la Juventud","Cantidad":0},{"Rango2":"0-9","Provincias":"La Habana","Cantidad":52},{"Rango2":"10-19","Provincias":"La Habana","Cantidad":94},{"Rango2":"20-29","Provincias":"La Habana","Cantidad":203},{"Rango2":"30-39","Provincias":"La Habana","Cantidad":184},{"Rango2":"40-49","Provincias":"La Habana","Cantidad":239},{"Rango2":"50-59","Provincias":"La Habana","Cantidad":305},{"Rango2":"60-69","Provincias":"La Habana","Cantidad":141},{"Rango2":"70-79","Provincias":"La Habana","Cantidad":98},{"Rango2":"80-89","Provincias":"La Habana","Cantidad":46},{"Rango2":"90-99","Provincias":"La Habana","Cantidad":6},{"Rango2":"100 o más","Provincias":"La Habana","Cantidad":1},{"Rango2":"0-9","Provincias":"Las Tunas","Cantidad":1},{"Rango2":"10-19","Provincias":"Las Tunas","Cantidad":1},{"Rango2":"20-29","Provincias":"Las Tunas","Cantidad":3},{"Rango2":"30-39","Provincias":"Las Tunas","Cantidad":4},{"Rango2":"40-49","Provincias":"Las Tunas","Cantidad":2},{"Rango2":"50-59","Provincias":"Las Tunas","Cantidad":1},{"Rango2":"60-69","Provincias":"Las Tunas","Cantidad":3},{"Rango2":"70-79","Provincias":"Las Tunas","Cantidad":2},{"Rango2":"80-89","Provincias":"Las Tunas","Cantidad":2},{"Rango2":"90-99","Provincias":"Las Tunas","Cantidad":0},{"Rango2":"100 o más","Provincias":"Las Tunas","Cantidad":0},{"Rango2":"0-9","Provincias":"Matanzas","Cantidad":9},{"Rango2":"10-19","Provincias":"Matanzas","Cantidad":8},{"Rango2":"20-29","Provincias":"Matanzas","Cantidad":37},{"Rango2":"30-39","Provincias":"Matanzas","Cantidad":31},{"Rango2":"40-49","Provincias":"Matanzas","Cantidad":34},{"Rango2":"50-59","Provincias":"Matanzas","Cantidad":41},{"Rango2":"60-69","Provincias":"Matanzas","Cantidad":25},{"Rango2":"70-79","Provincias":"Matanzas","Cantidad":15},{"Rango2":"80-89","Provincias":"Matanzas","Cantidad":6},{"Rango2":"90-99","Provincias":"Matanzas","Cantidad":1},{"Rango2":"100 o más","Provincias":"Matanzas","Cantidad":0},{"Rango2":"0-9","Provincias":"Mayabeque","Cantidad":4},{"Rango2":"10-19","Provincias":"Mayabeque","Cantidad":11},{"Rango2":"20-29","Provincias":"Mayabeque","Cantidad":7},{"Rango2":"30-39","Provincias":"Mayabeque","Cantidad":7},{"Rango2":"40-49","Provincias":"Mayabeque","Cantidad":4},{"Rango2":"50-59","Provincias":"Mayabeque","Cantidad":12},{"Rango2":"60-69","Provincias":"Mayabeque","Cantidad":3},{"Rango2":"70-79","Provincias":"Mayabeque","Cantidad":7},{"Rango2":"80-89","Provincias":"Mayabeque","Cantidad":1},{"Rango2":"90-99","Provincias":"Mayabeque","Cantidad":0},{"Rango2":"100 o más","Provincias":"Mayabeque","Cantidad":0},{"Rango2":"0-9","Provincias":"Pinar del Río","Cantidad":8},{"Rango2":"10-19","Provincias":"Pinar del Río","Cantidad":6},{"Rango2":"20-29","Provincias":"Pinar del Río","Cantidad":6},{"Rango2":"30-39","Provincias":"Pinar del Río","Cantidad":10},{"Rango2":"40-49","Provincias":"Pinar del Río","Cantidad":6},{"Rango2":"50-59","Provincias":"Pinar del Río","Cantidad":9},{"Rango2":"60-69","Provincias":"Pinar del Río","Cantidad":4},{"Rango2":"70-79","Provincias":"Pinar del Río","Cantidad":2},{"Rango2":"80-89","Provincias":"Pinar del Río","Cantidad":1},{"Rango2":"90-99","Provincias":"Pinar del Río","Cantidad":0},{"Rango2":"100 o más","Provincias":"Pinar del Río","Cantidad":0},{"Rango2":"0-9","Provincias":"Sancti Spíritus","Cantidad":1},{"Rango2":"10-19","Provincias":"Sancti Spíritus","Cantidad":10},{"Rango2":"20-29","Provincias":"Sancti Spíritus","Cantidad":13},{"Rango2":"30-39","Provincias":"Sancti Spíritus","Cantidad":7},{"Rango2":"40-49","Provincias":"Sancti Spíritus","Cantidad":4},{"Rango2":"50-59","Provincias":"Sancti Spíritus","Cantidad":19},{"Rango2":"60-69","Provincias":"Sancti Spíritus","Cantidad":6},{"Rango2":"70-79","Provincias":"Sancti Spíritus","Cantidad":5},{"Rango2":"80-89","Provincias":"Sancti Spíritus","Cantidad":2},{"Rango2":"90-99","Provincias":"Sancti Spíritus","Cantidad":1},{"Rango2":"100 o más","Provincias":"Sancti Spíritus","Cantidad":0},{"Rango2":"0-9","Provincias":"Santiago de Cuba","Cantidad":6},{"Rango2":"10-19","Provincias":"Santiago de Cuba","Cantidad":3},{"Rango2":"20-29","Provincias":"Santiago de Cuba","Cantidad":10},{"Rango2":"30-39","Provincias":"Santiago de Cuba","Cantidad":8},{"Rango2":"40-49","Provincias":"Santiago de Cuba","Cantidad":8},{"Rango2":"50-59","Provincias":"Santiago de Cuba","Cantidad":4},{"Rango2":"60-69","Provincias":"Santiago de Cuba","Cantidad":5},{"Rango2":"70-79","Provincias":"Santiago de Cuba","Cantidad":6},{"Rango2":"80-89","Provincias":"Santiago de Cuba","Cantidad":1},{"Rango2":"90-99","Provincias":"Santiago de Cuba","Cantidad":0},{"Rango2":"100 o más","Provincias":"Santiago de Cuba","Cantidad":0},{"Rango2":"0-9","Provincias":"Villa Clara","Cantidad":12},{"Rango2":"10-19","Provincias":"Villa Clara","Cantidad":26},{"Rango2":"20-29","Provincias":"Villa Clara","Cantidad":26},{"Rango2":"30-39","Provincias":"Villa Clara","Cantidad":22},{"Rango2":"40-49","Provincias":"Villa Clara","Cantidad":28},{"Rango2":"50-59","Provincias":"Villa Clara","Cantidad":37},{"Rango2":"60-69","Provincias":"Villa Clara","Cantidad":15},{"Rango2":"70-79","Provincias":"Villa Clara","Cantidad":18},{"Rango2":"80-89","Provincias":"Villa Clara","Cantidad":31},{"Rango2":"90-99","Provincias":"Villa Clara","Cantidad":4},{"Rango2":"100 o más","Provincias":"Villa Clara","Cantidad":1}]
