[{"Factor.Riesgo":"Hipertensión Arterial","Total":44},{"Factor.Riesgo":"Diabetes Mellitus","Total":32},{"Factor.Riesgo":"Cardiopatía Isquémica","Total":16},{"Factor.Riesgo":"Insuficiencia Renal Crónica","Total":14},{"Factor.Riesgo":"Cancer","Total":7},{"Factor.Riesgo":"Enfermedad Pulmonar","Total":10},{"Factor.Riesgo":"Asma Bronquial","Total":5},{"Factor.Riesgo":"Demencia Senil","Total":6},{"Factor.Riesgo":"Obesidad","Total":4},{"Factor.Riesgo":"Fractura de Cadera","Total":4},{"Factor.Riesgo":"Insuficiencia Cardiaca","Total":4},{"Factor.Riesgo":"Hipotiroidismo","Total":2},{"Factor.Riesgo":"Osteoartrosis","Total":1},{"Factor.Riesgo":"Comunicación Interventricular","Total":1},{"Factor.Riesgo":"Desnutrición","Total":4},{"Factor.Riesgo":"Colitis Ulcerativa Idiopática","Total":1},{"Factor.Riesgo":"Demencia Vascular","Total":1},{"Factor.Riesgo":"Sepsis Respiratoria","Total":1},{"Factor.Riesgo":"Enfermedad Diverticular del Colon","Total":1},{"Factor.Riesgo":"Glaucoma","Total":2},{"Factor.Riesgo":"Inmunodeficiencia","Total":1},{"Factor.Riesgo":"Hepatitis C","Total":1},{"Factor.Riesgo":"Cardiopatía Hipertensiva","Total":1},{"Factor.Riesgo":"Síndrome de Leriche","Total":1},{"Factor.Riesgo":"Neuropatías a Repetición","Total":1},{"Factor.Riesgo":"Cirrosis Hepática","Total":2},{"Factor.Riesgo":"Linfangitis Crónica","Total":1},{"Factor.Riesgo":"Ulcera Péptica","Total":1},{"Factor.Riesgo":"Fumador","Total":1},{"Factor.Riesgo":"Miastenia Grave","Total":1},{"Factor.Riesgo":"Infarto anterior","Total":1},{"Factor.Riesgo":"Dos stem puestos","Total":1},{"Factor.Riesgo":"Aneurisma de la Aorta","Total":1},{"Factor.Riesgo":"Neumopatía Crónica","Total":1},{"Factor.Riesgo":"Leucemia Mieloide Crónica","Total":1},{"Factor.Riesgo":"Absceso Perianal","Total":1},{"Factor.Riesgo":"Alzheimer","Total":1},{"Factor.Riesgo":"Retinopatía Diabética","Total":1},{"Factor.Riesgo":"Insuficiencia Córtico Suprarrenal","Total":1},{"Factor.Riesgo":"VIH","Total":1},{"Factor.Riesgo":"Hipoacusia Moderada","Total":1},{"Factor.Riesgo":"Retraso Mental","Total":1},{"Factor.Riesgo":"Encamado","Total":5},{"Factor.Riesgo":"Esquizofrenia Paranoide","Total":2},{"Factor.Riesgo":"Enfermedad Cerebral Crónica","Total":1},{"Factor.Riesgo":"Alcoholismo","Total":4},{"Factor.Riesgo":"Infecciones Respiratorias Frecuentes","Total":1},{"Factor.Riesgo":"Enfermedad Cerebrovascular","Total":4},{"Factor.Riesgo":"Neoplasia de Esófago","Total":1},{"Factor.Riesgo":"Neoplacia de Pulmón","Total":2},{"Factor.Riesgo":"Insuficiencia Venosa Periférica","Total":1},{"Factor.Riesgo":"Miocardiopatía Dilatada","Total":1}]
