[{"fecha":"2020-03-11","nuevos":3,"activos":3,"acumulados":3,"recuperados":0,"muertos":0},{"fecha":"2020-03-12","nuevos":0,"activos":3,"acumulados":3,"recuperados":0,"muertos":0},{"fecha":"2020-03-13","nuevos":1,"activos":4,"acumulados":4,"recuperados":0,"muertos":0},{"fecha":"2020-03-14","nuevos":0,"activos":4,"acumulados":4,"recuperados":0,"muertos":0},{"fecha":"2020-03-15","nuevos":0,"activos":4,"acumulados":4,"recuperados":0,"muertos":0},{"fecha":"2020-03-16","nuevos":1,"activos":5,"acumulados":5,"recuperados":0,"muertos":0},{"fecha":"2020-03-17","nuevos":2,"activos":7,"acumulados":7,"recuperados":0,"muertos":0},{"fecha":"2020-03-18","nuevos":4,"activos":10,"acumulados":11,"recuperados":0,"muertos":1},{"fecha":"2020-03-19","nuevos":5,"activos":15,"acumulados":16,"recuperados":0,"muertos":1},{"fecha":"2020-03-20","nuevos":9,"activos":23,"acumulados":25,"recuperados":0,"muertos":1},{"fecha":"2020-03-21","nuevos":10,"activos":33,"acumulados":35,"recuperados":0,"muertos":1},{"fecha":"2020-03-22","nuevos":5,"activos":38,"acumulados":40,"recuperados":0,"muertos":1},{"fecha":"2020-03-23","nuevos":8,"activos":45,"acumulados":48,"recuperados":1,"muertos":1},{"fecha":"2020-03-24","nuevos":9,"activos":54,"acumulados":57,"recuperados":1,"muertos":1},{"fecha":"2020-03-25","nuevos":10,"activos":64,"acumulados":67,"recuperados":1,"muertos":1},{"fecha":"2020-03-26","nuevos":13,"activos":73,"acumulados":80,"recuperados":4,"muertos":2},{"fecha":"2020-03-27","nuevos":39,"activos":112,"acumulados":119,"recuperados":4,"muertos":2},{"fecha":"2020-03-28","nuevos":20,"activos":130,"acumulados":139,"recuperados":4,"muertos":4},{"fecha":"2020-03-29","nuevos":31,"activos":161,"acumulados":170,"recuperados":4,"muertos":4},{"fecha":"2020-03-30","nuevos":16,"activos":171,"acumulados":186,"recuperados":8,"muertos":6},{"fecha":"2020-03-31","nuevos":26,"activos":193,"acumulados":212,"recuperados":12,"muertos":6},{"fecha":"2020-04-01","nuevos":21,"activos":213,"acumulados":233,"recuperados":13,"muertos":6},{"fecha":"2020-04-02","nuevos":36,"activos":246,"acumulados":269,"recuperados":15,"muertos":7},{"fecha":"2020-04-03","nuevos":19,"activos":265,"acumulados":288,"recuperados":15,"muertos":7},{"fecha":"2020-04-04","nuevos":32,"activos":295,"acumulados":320,"recuperados":15,"muertos":8},{"fecha":"2020-04-05","nuevos":30,"activos":321,"acumulados":350,"recuperados":18,"muertos":9},{"fecha":"2020-04-06","nuevos":46,"activos":356,"acumulados":396,"recuperados":27,"muertos":11},{"fecha":"2020-04-07","nuevos":61,"activos":416,"acumulados":457,"recuperados":27,"muertos":12},{"fecha":"2020-04-08","nuevos":58,"activos":470,"acumulados":515,"recuperados":28,"muertos":15},{"fecha":"2020-04-09","nuevos":49,"activos":496,"acumulados":564,"recuperados":51,"muertos":15},{"fecha":"2020-04-10","nuevos":56,"activos":525,"acumulados":620,"recuperados":77,"muertos":16},{"fecha":"2020-04-11","nuevos":49,"activos":557,"acumulados":669,"recuperados":92,"muertos":18},{"fecha":"2020-04-12","nuevos":57,"activos":582,"acumulados":726,"recuperados":121,"muertos":21},{"fecha":"2020-04-13","nuevos":40,"activos":611,"acumulados":766,"recuperados":132,"muertos":21},{"fecha":"2020-04-14","nuevos":48,"activos":637,"acumulados":814,"recuperados":151,"muertos":24},{"fecha":"2020-04-15","nuevos":48,"activos":662,"acumulados":862,"recuperados":171,"muertos":27},{"fecha":"2020-04-16","nuevos":61,"activos":697,"acumulados":923,"recuperados":192,"muertos":32},{"fecha":"2020-04-17","nuevos":63,"activos":724,"acumulados":986,"recuperados":227,"muertos":33},{"fecha":"2020-04-18","nuevos":49,"activos":743,"acumulados":1035,"recuperados":255,"muertos":35},{"fecha":"2020-04-19","nuevos":52,"activos":763,"acumulados":1087,"recuperados":285,"muertos":37},{"fecha":"2020-04-20","nuevos":50,"activos":787,"acumulados":1137,"recuperados":309,"muertos":39},{"fecha":"2020-04-21","nuevos":52,"activos":805,"acumulados":1189,"recuperados":341,"muertos":41},{"fecha":"2020-04-22","nuevos":46,"activos":824,"acumulados":1235,"recuperados":365,"muertos":44},{"fecha":"2020-04-23","nuevos":50,"activos":818,"acumulados":1285,"recuperados":416,"muertos":49},{"fecha":"2020-04-24","nuevos":52,"activos":847,"acumulados":1337,"recuperados":437,"muertos":51},{"fecha":"2020-04-25","nuevos":32,"activos":812,"acumulados":1369,"recuperados":501,"muertos":54},{"fecha":"2020-04-26","nuevos":20,"activos":806,"acumulados":1389,"recuperados":525,"muertos":56},{"fecha":"2020-04-27","nuevos":48,"activos":802,"acumulados":1437,"recuperados":575,"muertos":58},{"fecha":"2020-04-28","nuevos":30,"activos":790,"acumulados":1467,"recuperados":617,"muertos":58},{"fecha":"2020-04-29","nuevos":34,"activos":757,"acumulados":1501,"recuperados":681,"muertos":61},{"fecha":"2020-04-30","nuevos":36,"activos":757,"acumulados":1537,"recuperados":714,"muertos":64},{"fecha":"2020-05-01","nuevos":74,"activos":778,"acumulados":1611,"recuperados":765,"muertos":66},{"fecha":"2020-05-02","nuevos":38,"activos":753,"acumulados":1649,"recuperados":827,"muertos":67},{"fecha":"2020-05-03","nuevos":19,"activos":721,"acumulados":1668,"recuperados":876,"muertos":69},{"fecha":"2020-05-04","nuevos":17,"activos":660,"acumulados":1685,"recuperados":954,"muertos":69},{"fecha":"2020-05-05","nuevos":18,"activos":631,"acumulados":1703,"recuperados":1001,"muertos":69},{"fecha":"2020-05-06","nuevos":26,"activos":623,"acumulados":1729,"recuperados":1031,"muertos":73},{"fecha":"2020-05-07","nuevos":12,"activos":587,"acumulados":1741,"recuperados":1078,"muertos":74},{"fecha":"2020-05-08","nuevos":13,"activos":538,"acumulados":1754,"recuperados":1140,"muertos":74},{"fecha":"2020-05-09","nuevos":12,"activos":494,"acumulados":1766,"recuperados":1193,"muertos":77},{"fecha":"2020-05-10","nuevos":17,"activos":475,"acumulados":1783,"recuperados":1229,"muertos":77},{"fecha":"2020-05-11","nuevos":21,"activos":447,"acumulados":1804,"recuperados":1277,"muertos":78},{"fecha":"2020-05-12","nuevos":6,"activos":403,"acumulados":1810,"recuperados":1326,"muertos":79},{"fecha":"2020-05-13","nuevos":20,"activos":366,"acumulados":1830,"recuperados":1383,"muertos":79},{"fecha":"2020-05-14","nuevos":10,"activos":334,"acumulados":1840,"recuperados":1425,"muertos":79},{"fecha":"2020-05-15","nuevos":22,"activos":321,"acumulados":1862,"recuperados":1460,"muertos":79},{"fecha":"2020-05-16","nuevos":10,"activos":296,"acumulados":1872,"recuperados":1495,"muertos":79},{"fecha":"2020-05-17","nuevos":9,"activos":295,"acumulados":1881,"recuperados":1505,"muertos":79},{"fecha":"2020-05-18","nuevos":6,"activos":268,"acumulados":1887,"recuperados":1538,"muertos":79},{"fecha":"2020-05-19","nuevos":13,"activos":246,"acumulados":1900,"recuperados":1573,"muertos":79},{"fecha":"2020-05-20","nuevos":8,"activos":223,"acumulados":1908,"recuperados":1603,"muertos":80},{"fecha":"2020-05-21","nuevos":8,"activos":202,"acumulados":1916,"recuperados":1631,"muertos":81},{"fecha":"2020-05-22","nuevos":15,"activos":177,"acumulados":1931,"recuperados":1671,"muertos":81},{"fecha":"2020-05-23","nuevos":10,"activos":168,"acumulados":1941,"recuperados":1689,"muertos":82},{"fecha":"2020-05-24","nuevos":6,"activos":159,"acumulados":1947,"recuperados":1704,"muertos":82},{"fecha":"2020-05-25","nuevos":16,"activos":170,"acumulados":1963,"recuperados":1709,"muertos":82},{"fecha":"2020-05-26","nuevos":11,"activos":166,"acumulados":1974,"recuperados":1724,"muertos":82},{"fecha":"2020-05-27","nuevos":9,"activos":165,"acumulados":1983,"recuperados":1734,"muertos":82},{"fecha":"2020-05-28","nuevos":22,"activos":161,"acumulados":2005,"recuperados":1760,"muertos":82},{"fecha":"2020-05-29","nuevos":20,"activos":145,"acumulados":2025,"recuperados":1795,"muertos":83},{"fecha":"2020-05-30","nuevos":20,"activos":151,"acumulados":2045,"recuperados":1809,"muertos":83},{"fecha":"2020-05-31","nuevos":38,"activos":172,"acumulados":2083,"recuperados":1826,"muertos":83},{"fecha":"2020-06-01","nuevos":9,"activos":180,"acumulados":2092,"recuperados":1827,"muertos":83},{"fecha":"2020-06-02","nuevos":15,"activos":192,"acumulados":2107,"recuperados":1830,"muertos":83},{"fecha":"2020-06-03","nuevos":12,"activos":195,"acumulados":2119,"recuperados":1839,"muertos":83},{"fecha":"2020-06-04","nuevos":14,"activos":200,"acumulados":2133,"recuperados":1848,"muertos":83},{"fecha":"2020-06-05","nuevos":40,"activos":233,"acumulados":2173,"recuperados":1855,"muertos":83},{"fecha":"2020-06-06","nuevos":18,"activos":244,"acumulados":2191,"recuperados":1862,"muertos":83},{"fecha":"2020-06-07","nuevos":9,"activos":247,"acumulados":2200,"recuperados":1868,"muertos":83},{"fecha":"2020-06-08","nuevos":5,"activos":240,"acumulados":2205,"recuperados":1880,"muertos":83},{"fecha":"2020-06-09","nuevos":6,"activos":240,"acumulados":2211,"recuperados":1886,"muertos":83},{"fecha":"2020-06-10","nuevos":8,"activos":240,"acumulados":2219,"recuperados":1893,"muertos":84},{"fecha":"2020-06-11","nuevos":14,"activos":245,"acumulados":2233,"recuperados":1902,"muertos":84},{"fecha":"2020-06-12","nuevos":5,"activos":229,"acumulados":2238,"recuperados":1923,"muertos":84},{"fecha":"2020-06-13","nuevos":10,"activos":214,"acumulados":2248,"recuperados":1948,"muertos":84},{"fecha":"2020-06-14","nuevos":14,"activos":211,"acumulados":2262,"recuperados":1965,"muertos":84},{"fecha":"2020-06-15","nuevos":11,"activos":193,"acumulados":2273,"recuperados":1994,"muertos":84},{"fecha":"2020-06-16","nuevos":7,"activos":195,"acumulados":2280,"recuperados":1999,"muertos":84},{"fecha":"2020-06-17","nuevos":15,"activos":188,"acumulados":2295,"recuperados":2020,"muertos":85},{"fecha":"2020-06-18","nuevos":10,"activos":181,"acumulados":2305,"recuperados":2037,"muertos":85},{"fecha":"2020-06-19","nuevos":4,"activos":151,"acumulados":2309,"recuperados":2071,"muertos":85},{"fecha":"2020-06-20","nuevos":3,"activos":122,"acumulados":2312,"recuperados":2103,"muertos":85},{"fecha":"2020-06-21","nuevos":3,"activos":115,"acumulados":2315,"recuperados":2113,"muertos":85},{"fecha":"2020-06-22","nuevos":3,"activos":108,"acumulados":2318,"recuperados":2123,"muertos":85},{"fecha":"2020-06-23","nuevos":1,"activos":102,"acumulados":2319,"recuperados":2130,"muertos":85},{"fecha":"2020-06-24","nuevos":2,"activos":63,"acumulados":2321,"recuperados":2171,"muertos":85},{"fecha":"2020-06-25","nuevos":4,"activos":58,"acumulados":2325,"recuperados":2180,"muertos":85},{"fecha":"2020-06-26","nuevos":5,"activos":55,"acumulados":2330,"recuperados":2187,"muertos":86},{"fecha":"2020-06-27","nuevos":2,"activos":43,"acumulados":2332,"recuperados":2201,"muertos":86},{"fecha":"2020-06-28","nuevos":8,"activos":41,"acumulados":2340,"recuperados":2211,"muertos":86},{"fecha":"2020-06-29","nuevos":1,"activos":39,"acumulados":2341,"recuperados":2214,"muertos":86},{"fecha":"2020-06-30","nuevos":7,"activos":42,"acumulados":2348,"recuperados":2218,"muertos":86},{"fecha":"2020-07-01","nuevos":5,"activos":44,"acumulados":2353,"recuperados":2221,"muertos":86},{"fecha":"2020-07-02","nuevos":8,"activos":49,"acumulados":2361,"recuperados":2224,"muertos":86},{"fecha":"2020-07-03","nuevos":8,"activos":54,"acumulados":2369,"recuperados":2227,"muertos":86},{"fecha":"2020-07-04","nuevos":3,"activos":55,"acumulados":2372,"recuperados":2229,"muertos":86},{"fecha":"2020-07-05","nuevos":8,"activos":58,"acumulados":2380,"recuperados":2234,"muertos":86},{"fecha":"2020-07-06","nuevos":15,"activos":67,"acumulados":2395,"recuperados":2240,"muertos":86},{"fecha":"2020-07-07","nuevos":4,"activos":69,"acumulados":2399,"recuperados":2242,"muertos":86},{"fecha":"2020-07-08","nuevos":4,"activos":70,"acumulados":2403,"recuperados":2244,"muertos":87},{"fecha":"2020-07-09","nuevos":10,"activos":75,"acumulados":2413,"recuperados":2249,"muertos":87},{"fecha":"2020-07-10","nuevos":7,"activos":77,"acumulados":2420,"recuperados":2254,"muertos":87},{"fecha":"2020-07-11","nuevos":6,"activos":79,"acumulados":2426,"recuperados":2258,"muertos":87},{"fecha":"2020-07-12","nuevos":2,"activos":71,"acumulados":2428,"recuperados":2268,"muertos":87},{"fecha":"2020-07-13","nuevos":4,"activos":68,"acumulados":2432,"recuperados":2275,"muertos":87}]
