[{"municipio":"Abreus","poblacion":30775,"masculinidad":0.5184,"Hombres":15953,"mujeres":14822,"provincia":"Cienfuegos"},{"municipio":"Aguada de Pasajeros","poblacion":31960,"masculinidad":0.5122,"Hombres":16369,"mujeres":15591,"n":2,"Tasa.10^5Hab":6.26,"provincia":"Cienfuegos"},{"municipio":"Alquízar","poblacion":33085,"masculinidad":0.518,"Hombres":17139,"mujeres":15946,"provincia":"Artemisa"},{"municipio":"Amancio","poblacion":37695,"masculinidad":0.511,"Hombres":19263,"mujeres":18432,"n":1,"Tasa.10^5Hab":2.65,"provincia":"Las Tunas"},{"municipio":"Antilla","poblacion":12455,"masculinidad":0.5027,"Hombres":6261,"mujeres":6194,"provincia":"Holguín"},{"municipio":"Arroyo Naranjo","poblacion":204950,"masculinidad":0.4897,"Hombres":100355,"mujeres":104595,"n":94,"Tasa.10^5Hab":45.86,"provincia":"La Habana"},{"municipio":"Artemisa","poblacion":85830,"masculinidad":0.5013,"Hombres":43026,"mujeres":42804,"n":4,"Tasa.10^5Hab":4.66,"provincia":"Artemisa"},{"municipio":"Báguanos","poblacion":49359,"masculinidad":0.5146,"Hombres":25402,"mujeres":23957,"n":5,"Tasa.10^5Hab":10.13,"provincia":"Holguín"},{"municipio":"Bahía Honda","poblacion":43169,"masculinidad":0.5205,"Hombres":22468,"mujeres":20701,"n":1,"Tasa.10^5Hab":2.32,"provincia":"Artemisa"},{"municipio":"Banes","poblacion":77883,"masculinidad":0.5066,"Hombres":39455,"mujeres":38428,"n":20,"Tasa.10^5Hab":25.68,"provincia":"Holguín"},{"municipio":"Baracoa","poblacion":79797,"masculinidad":0.505,"Hombres":40300,"mujeres":39497,"n":7,"Tasa.10^5Hab":8.77,"provincia":"Guantánamo"},{"municipio":"Baraguá","poblacion":32522,"masculinidad":0.5174,"Hombres":16828,"mujeres":15694,"n":6,"Tasa.10^5Hab":18.45,"provincia":"Ciego de Ávila"},{"municipio":"Bartolomé Masó","poblacion":48436,"masculinidad":0.5183,"Hombres":25105,"mujeres":23331,"provincia":"Granma"},{"municipio":"Batabanó","poblacion":27376,"masculinidad":0.5057,"Hombres":13843,"mujeres":13533,"n":6,"Tasa.10^5Hab":21.92,"provincia":"Mayabeque"},{"municipio":"Bauta","poblacion":50723,"masculinidad":0.4955,"Hombres":25132,"mujeres":25591,"n":12,"Tasa.10^5Hab":23.66,"provincia":"Artemisa"},{"municipio":"Bayamo","poblacion":239047,"masculinidad":0.4923,"Hombres":117689,"mujeres":121358,"n":8,"Tasa.10^5Hab":3.35,"provincia":"Granma"},{"municipio":"Bejucal","poblacion":27963,"masculinidad":0.5111,"Hombres":14292,"mujeres":13671,"provincia":"Mayabeque"},{"municipio":"Bolivia","poblacion":15485,"masculinidad":0.5128,"Hombres":7940,"mujeres":7545,"n":2,"Tasa.10^5Hab":12.92,"provincia":"Ciego de Ávila"},{"municipio":"Boyeros","poblacion":198436,"masculinidad":0.4918,"Hombres":97588,"mujeres":100848,"n":50,"Tasa.10^5Hab":25.2,"provincia":"La Habana"},{"municipio":"Buey Arriba","poblacion":31319,"masculinidad":0.5193,"Hombres":16265,"mujeres":15054,"provincia":"Granma"},{"municipio":"Cabaiguán","poblacion":65178,"masculinidad":0.4984,"Hombres":32486,"mujeres":32692,"n":33,"Tasa.10^5Hab":50.63,"provincia":"Sancti Spíritus"},{"municipio":"Cacocum","poblacion":40191,"masculinidad":0.5204,"Hombres":20915,"mujeres":19276,"n":1,"Tasa.10^5Hab":2.49,"provincia":"Holguín"},{"municipio":"Caibarién","poblacion":40435,"masculinidad":0.5012,"Hombres":20265,"mujeres":20170,"n":8,"Tasa.10^5Hab":19.78,"provincia":"Villa Clara"},{"municipio":"Caimanera","poblacion":11168,"masculinidad":0.508,"Hombres":5673,"mujeres":5495,"provincia":"Guantánamo"},{"municipio":"Caimito","poblacion":41917,"masculinidad":0.5029,"Hombres":21082,"mujeres":20835,"n":1,"Tasa.10^5Hab":2.39,"provincia":"Artemisa"},{"municipio":"Calimete","poblacion":27984,"masculinidad":0.5123,"Hombres":14337,"mujeres":13647,"n":1,"Tasa.10^5Hab":3.57,"provincia":"Matanzas"},{"municipio":"Calixto García","poblacion":54725,"masculinidad":0.5177,"Hombres":28333,"mujeres":26392,"n":1,"Tasa.10^5Hab":1.83,"provincia":"Holguín"},{"municipio":"Camagüey","poblacion":331139,"masculinidad":0.4842,"Hombres":160341,"mujeres":170798,"n":35,"Tasa.10^5Hab":10.57,"provincia":"Camagüey"},{"municipio":"Camajuaní","poblacion":59150,"masculinidad":0.5049,"Hombres":29866,"mujeres":29284,"n":25,"Tasa.10^5Hab":42.27,"provincia":"Villa Clara"},{"municipio":"Campechuela","poblacion":43263,"masculinidad":0.5101,"Hombres":22067,"mujeres":21196,"provincia":"Granma"},{"municipio":"Candelaria","poblacion":21094,"masculinidad":0.5082,"Hombres":10721,"mujeres":10373,"provincia":"Artemisa"},{"municipio":"Cárdenas","poblacion":156293,"masculinidad":0.4981,"Hombres":77847,"mujeres":78446,"n":58,"Tasa.10^5Hab":37.11,"provincia":"Matanzas"},{"municipio":"Carlos Manuel de Céspedes","poblacion":23495,"masculinidad":0.5126,"Hombres":12043,"mujeres":11452,"provincia":"Camagüey"},{"municipio":"Cauto Cristo","poblacion":20615,"masculinidad":0.5218,"Hombres":10756,"mujeres":9859,"provincia":"Granma"},{"municipio":"Centro Habana","poblacion":135155,"masculinidad":0.4674,"Hombres":63167,"mujeres":71988,"n":167,"Tasa.10^5Hab":123.56,"provincia":"La Habana"},{"municipio":"Cerro","poblacion":124577,"masculinidad":0.4697,"Hombres":58516,"mujeres":66061,"n":129,"Tasa.10^5Hab":103.55,"provincia":"La Habana"},{"municipio":"Chambas","poblacion":37361,"masculinidad":0.5162,"Hombres":19284,"mujeres":18077,"n":1,"Tasa.10^5Hab":2.68,"provincia":"Ciego de Ávila"},{"municipio":"Ciego de Ávila","poblacion":155237,"masculinidad":0.4923,"Hombres":76417,"mujeres":78820,"n":21,"Tasa.10^5Hab":13.53,"provincia":"Ciego de Ávila"},{"municipio":"Ciénaga de Zapata","poblacion":10131,"masculinidad":0.5125,"Hombres":5192,"mujeres":4939,"provincia":"Matanzas"},{"municipio":"Cienfuegos","poblacion":177617,"masculinidad":0.4932,"Hombres":87599,"mujeres":90018,"n":18,"Tasa.10^5Hab":10.13,"provincia":"Cienfuegos"},{"municipio":"Cifuentes","poblacion":27094,"masculinidad":0.5051,"Hombres":13684,"mujeres":13410,"n":10,"Tasa.10^5Hab":36.91,"provincia":"Villa Clara"},{"municipio":"Ciro Redondo","poblacion":30546,"masculinidad":0.5143,"Hombres":15710,"mujeres":14836,"n":1,"Tasa.10^5Hab":3.27,"provincia":"Ciego de Ávila"},{"municipio":"Colombia","poblacion":32137,"masculinidad":0.5087,"Hombres":16349,"mujeres":15788,"provincia":"Las Tunas"},{"municipio":"Colón","poblacion":69577,"masculinidad":0.4962,"Hombres":34527,"mujeres":35050,"n":3,"Tasa.10^5Hab":4.31,"provincia":"Matanzas"},{"municipio":"Consolación del Sur","poblacion":88516,"masculinidad":0.5069,"Hombres":44865,"mujeres":43651,"n":13,"Tasa.10^5Hab":14.69,"provincia":"Pinar del Río"},{"municipio":"Contramaestre","poblacion":105719,"masculinidad":0.5076,"Hombres":53660,"mujeres":52059,"n":7,"Tasa.10^5Hab":6.62,"provincia":"Santiago de Cuba"},{"municipio":"Corralillo","poblacion":25567,"masculinidad":0.5085,"Hombres":13002,"mujeres":12565,"n":4,"Tasa.10^5Hab":15.65,"provincia":"Villa Clara"},{"municipio":"Cotorro","poblacion":81488,"masculinidad":0.4889,"Hombres":39837,"mujeres":41651,"n":147,"Tasa.10^5Hab":180.39,"provincia":"La Habana"},{"municipio":"Cruces","poblacion":29959,"masculinidad":0.5096,"Hombres":15268,"mujeres":14691,"n":1,"Tasa.10^5Hab":3.34,"provincia":"Cienfuegos"},{"municipio":"Cueto","poblacion":31552,"masculinidad":0.5169,"Hombres":16308,"mujeres":15244,"n":1,"Tasa.10^5Hab":3.17,"provincia":"Holguín"},{"municipio":"Cumanayagua","poblacion":48412,"masculinidad":0.5168,"Hombres":25021,"mujeres":23391,"n":3,"Tasa.10^5Hab":6.2,"provincia":"Cienfuegos"},{"municipio":"Diez de Octubre","poblacion":201888,"masculinidad":0.4658,"Hombres":94039,"mujeres":107849,"n":93,"Tasa.10^5Hab":46.07,"provincia":"La Habana"},{"municipio":"El Salvador","poblacion":42342,"masculinidad":0.5111,"Hombres":21643,"mujeres":20699,"n":1,"Tasa.10^5Hab":2.36,"provincia":"Guantánamo"},{"municipio":"Encrucijada","poblacion":32617,"masculinidad":0.5081,"Hombres":16574,"mujeres":16043,"n":1,"Tasa.10^5Hab":3.07,"provincia":"Villa Clara"},{"municipio":"Esmeralda","poblacion":29723,"masculinidad":0.5118,"Hombres":15211,"mujeres":14512,"n":1,"Tasa.10^5Hab":3.36,"provincia":"Camagüey"},{"municipio":"Florencia","poblacion":18910,"masculinidad":0.5189,"Hombres":9813,"mujeres":9097,"n":16,"Tasa.10^5Hab":84.61,"provincia":"Ciego de Ávila"},{"municipio":"Florida","poblacion":70698,"masculinidad":0.501,"Hombres":35419,"mujeres":35279,"n":7,"Tasa.10^5Hab":9.9,"provincia":"Camagüey"},{"municipio":"Fomento","poblacion":32187,"masculinidad":0.5059,"Hombres":16285,"mujeres":15902,"provincia":"Sancti Spíritus"},{"municipio":"Frank País","poblacion":23198,"masculinidad":0.5114,"Hombres":11864,"mujeres":11334,"provincia":"Holguín"},{"municipio":"Gibara","poblacion":71126,"masculinidad":0.5107,"Hombres":36321,"mujeres":34805,"n":30,"Tasa.10^5Hab":42.18,"provincia":"Holguín"},{"municipio":"Guáimaro","poblacion":37249,"masculinidad":0.5083,"Hombres":18934,"mujeres":18315,"provincia":"Camagüey"},{"municipio":"Guamá","poblacion":34152,"masculinidad":0.5206,"Hombres":17781,"mujeres":16371,"provincia":"Santiago de Cuba"},{"municipio":"Guanabacoa","poblacion":124365,"masculinidad":0.4837,"Hombres":60157,"mujeres":64208,"n":41,"Tasa.10^5Hab":32.97,"provincia":"La Habana"},{"municipio":"Guanajay","poblacion":28240,"masculinidad":0.4926,"Hombres":13910,"mujeres":14330,"n":2,"Tasa.10^5Hab":7.08,"provincia":"Artemisa"},{"municipio":"Guane","poblacion":35805,"masculinidad":0.5207,"Hombres":18642,"mujeres":17163,"n":19,"Tasa.10^5Hab":53.07,"provincia":"Pinar del Río"},{"municipio":"Guantánamo","poblacion":226689,"masculinidad":0.4825,"Hombres":109374,"mujeres":117315,"n":9,"Tasa.10^5Hab":3.97,"provincia":"Guantánamo"},{"municipio":"Güines","poblacion":66301,"masculinidad":0.4944,"Hombres":32780,"mujeres":33521,"n":3,"Tasa.10^5Hab":4.52,"provincia":"Mayabeque"},{"municipio":"Güira de Melena","poblacion":39964,"masculinidad":0.5023,"Hombres":20073,"mujeres":19891,"n":3,"Tasa.10^5Hab":7.51,"provincia":"Artemisa"},{"municipio":"Guisa","poblacion":46456,"masculinidad":0.5165,"Hombres":23994,"mujeres":22462,"n":5,"Tasa.10^5Hab":10.76,"provincia":"Granma"},{"municipio":"Holguín","poblacion":356322,"masculinidad":0.4774,"Hombres":170123.6922,"mujeres":186198.3078,"n":32,"Tasa.10^5Hab":8.98,"provincia":"Holguín"},{"municipio":"Imías","poblacion":20991,"masculinidad":0.4888,"Hombres":10259.977,"mujeres":10731.023,"provincia":"Guantánamo"},{"municipio":"Isla de la Juventud","poblacion":83801,"masculinidad":0.5112,"Hombres":42836.6791,"mujeres":40964.3209,"n":42,"Tasa.10^5Hab":50.12,"provincia":"Isla de la Juventud"},{"municipio":"Jagüey Grande","poblacion":60428,"masculinidad":0.5042,"Hombres":30466.7418,"mujeres":29961.2582,"n":8,"Tasa.10^5Hab":13.24,"provincia":"Matanzas"},{"municipio":"Jaruco","poblacion":24527,"masculinidad":0.5055,"Hombres":12399.0666,"mujeres":12127.9334,"provincia":"Mayabeque"},{"municipio":"Jatibonico","poblacion":43034,"masculinidad":0.4959,"Hombres":21338.9125,"mujeres":21695.0875,"provincia":"Sancti Spíritus"},{"municipio":"Jesús Menéndez","poblacion":48208,"masculinidad":0.5118,"Hombres":24674.1973,"mujeres":23533.8027,"n":2,"Tasa.10^5Hab":4.15,"provincia":"Las Tunas"},{"municipio":"Jiguaní","poblacion":60079,"masculinidad":0.5163,"Hombres":31017.8027,"mujeres":29061.1973,"n":1,"Tasa.10^5Hab":1.66,"provincia":"Granma"},{"municipio":"Jimaguayú","poblacion":20159,"masculinidad":0.5033,"Hombres":10145.4339,"mujeres":10013.5661,"provincia":"Camagüey"},{"municipio":"Jobabo","poblacion":42603,"masculinidad":0.5321,"Hombres":22669.8934,"mujeres":19933.1066,"provincia":"Las Tunas"},{"municipio":"Jovellanos","poblacion":58060,"masculinidad":0.5259,"Hombres":30533.8662,"mujeres":27526.1338,"n":10,"Tasa.10^5Hab":17.22,"provincia":"Matanzas"},{"municipio":"La Habana Vieja","poblacion":82120,"masculinidad":0.4816,"Hombres":39546,"mujeres":42574,"n":61,"Tasa.10^5Hab":74.28,"provincia":"La Habana"},{"municipio":"La Lisa","poblacion":143720,"masculinidad":0.4835,"Hombres":69488,"mujeres":74232,"n":113,"Tasa.10^5Hab":78.63,"provincia":"La Habana"},{"municipio":"La Palma","poblacion":34064,"masculinidad":0.5114,"Hombres":17419,"mujeres":16645,"provincia":"Pinar del Río"},{"municipio":"La Sierpe","poblacion":16648,"masculinidad":0.5219,"Hombres":8688,"mujeres":7960,"n":2,"Tasa.10^5Hab":12.01,"provincia":"Sancti Spíritus"},{"municipio":"Lajas","poblacion":21726,"masculinidad":0.5169,"Hombres":11231,"mujeres":10495,"n":1,"Tasa.10^5Hab":4.6,"provincia":"Cienfuegos"},{"municipio":"Las Tunas","poblacion":211596,"masculinidad":0.4961,"Hombres":104964,"mujeres":106632,"n":6,"Tasa.10^5Hab":2.84,"provincia":"Las Tunas"},{"municipio":"Limonar","poblacion":26704,"masculinidad":0.5034,"Hombres":13442,"mujeres":13262,"n":20,"Tasa.10^5Hab":74.9,"provincia":"Matanzas"},{"municipio":"Los Arabos","poblacion":23935,"masculinidad":0.5088,"Hombres":12178,"mujeres":11757,"n":1,"Tasa.10^5Hab":4.18,"provincia":"Matanzas"},{"municipio":"Los Palacios","poblacion":38519,"masculinidad":0.5101,"Hombres":19647,"mujeres":18872,"provincia":"Pinar del Río"},{"municipio":"Madruga","poblacion":27340,"masculinidad":0.4964,"Hombres":13572,"mujeres":13768,"n":2,"Tasa.10^5Hab":7.32,"provincia":"Mayabeque"},{"municipio":"Maisí","poblacion":28709,"masculinidad":0.5252,"Hombres":15078,"mujeres":13631,"n":1,"Tasa.10^5Hab":3.48,"provincia":"Guantánamo"},{"municipio":"Majagua","poblacion":25424,"masculinidad":0.509,"Hombres":12940,"mujeres":12484,"n":5,"Tasa.10^5Hab":19.67,"provincia":"Ciego de Ávila"},{"municipio":"Majibacoa","poblacion":41287,"masculinidad":0.5206,"Hombres":21492,"mujeres":19795,"n":1,"Tasa.10^5Hab":2.42,"provincia":"Las Tunas"},{"municipio":"Manatí","poblacion":29930,"masculinidad":0.5257,"Hombres":15735,"mujeres":14195,"n":1,"Tasa.10^5Hab":3.34,"provincia":"Las Tunas"},{"municipio":"Manicaragua","poblacion":63875,"masculinidad":0.5177,"Hombres":33067,"mujeres":30808,"n":6,"Tasa.10^5Hab":9.39,"provincia":"Villa Clara"},{"municipio":"Mantua","poblacion":23850,"masculinidad":0.5373,"Hombres":12815,"mujeres":11035,"n":1,"Tasa.10^5Hab":4.19,"provincia":"Pinar del Río"},{"municipio":"Manuel Tames","poblacion":37441,"masculinidad":0.5097,"Hombres":19083,"mujeres":18358,"n":1,"Tasa.10^5Hab":2.67,"provincia":"Guantánamo"},{"municipio":"Manzanillo","poblacion":127819,"masculinidad":0.498,"Hombres":63659,"mujeres":64160,"n":1,"Tasa.10^5Hab":0.78,"provincia":"Granma"},{"municipio":"Marianao","poblacion":135313,"masculinidad":0.4793,"Hombres":64858,"mujeres":70455,"n":72,"Tasa.10^5Hab":53.21,"provincia":"La Habana"},{"municipio":"Mariel","poblacion":44920,"masculinidad":0.5017,"Hombres":22535,"mujeres":22385,"n":7,"Tasa.10^5Hab":15.58,"provincia":"Artemisa"},{"municipio":"Martí","poblacion":22034,"masculinidad":0.5087,"Hombres":11208,"mujeres":10826,"n":1,"Tasa.10^5Hab":4.54,"provincia":"Matanzas"},{"municipio":"Matanzas","poblacion":162426,"masculinidad":0.4853,"Hombres":78828,"mujeres":83598,"n":100,"Tasa.10^5Hab":61.57,"provincia":"Matanzas"},{"municipio":"Mayarí","poblacion":97197,"masculinidad":0.5058,"Hombres":49162,"mujeres":48035,"n":2,"Tasa.10^5Hab":2.06,"provincia":"Holguín"},{"municipio":"Media Luna","poblacion":32637,"masculinidad":0.5178,"Hombres":16898,"mujeres":15739,"provincia":"Granma"},{"municipio":"Melena del Sur","poblacion":20529,"masculinidad":0.5139,"Hombres":10549,"mujeres":9980,"n":11,"Tasa.10^5Hab":53.58,"provincia":"Mayabeque"},{"municipio":"Mella","poblacion":34867,"masculinidad":0.5143,"Hombres":17932,"mujeres":16935,"provincia":"Santiago de Cuba"},{"municipio":"Minas","poblacion":36857,"masculinidad":0.5122,"Hombres":18878,"mujeres":17979,"provincia":"Camagüey"},{"municipio":"Minas de Matahambre","poblacion":31800,"masculinidad":0.518,"Hombres":16473,"mujeres":15327,"provincia":"Pinar del Río"},{"municipio":"Moa","poblacion":73591,"masculinidad":0.4949,"Hombres":36420,"mujeres":37171,"n":1,"Tasa.10^5Hab":1.36,"provincia":"Holguín"},{"municipio":"Morón","poblacion":70126,"masculinidad":0.4959,"Hombres":34772,"mujeres":35354,"n":26,"Tasa.10^5Hab":37.08,"provincia":"Ciego de Ávila"},{"municipio":"Najasa","poblacion":15145,"masculinidad":0.5301,"Hombres":8028,"mujeres":7117,"provincia":"Camagüey"},{"municipio":"Niceto Pérez","poblacion":16413,"masculinidad":0.5288,"Hombres":8680,"mujeres":7733,"provincia":"Guantánamo"},{"municipio":"Niquero","poblacion":42262,"masculinidad":0.5101,"Hombres":21558,"mujeres":20704,"provincia":"Granma"},{"municipio":"Nueva Paz","poblacion":24070,"masculinidad":0.5118,"Hombres":12318,"mujeres":11752,"provincia":"Mayabeque"},{"municipio":"Nuevitas","poblacion":61195,"masculinidad":0.5015,"Hombres":30687,"mujeres":30508,"n":4,"Tasa.10^5Hab":6.54,"provincia":"Camagüey"},{"municipio":"Palma Soriano","poblacion":122804,"masculinidad":0.4974,"Hombres":61079,"mujeres":61725,"n":6,"Tasa.10^5Hab":4.89,"provincia":"Santiago de Cuba"},{"municipio":"Palmira","poblacion":32599,"masculinidad":0.5082,"Hombres":16567,"mujeres":16032,"provincia":"Cienfuegos"},{"municipio":"Pedro Betancourt","poblacion":30598,"masculinidad":0.509,"Hombres":15573,"mujeres":15025,"n":2,"Tasa.10^5Hab":6.54,"provincia":"Matanzas"},{"municipio":"Perico","poblacion":30605,"masculinidad":0.5032,"Hombres":15400,"mujeres":15205,"n":1,"Tasa.10^5Hab":3.27,"provincia":"Matanzas"},{"municipio":"Pilón","poblacion":29395,"masculinidad":0.5121,"Hombres":15052,"mujeres":14343,"provincia":"Granma"},{"municipio":"Pinar del Río","poblacion":192368,"masculinidad":0.491,"Hombres":94445,"mujeres":97923,"n":15,"Tasa.10^5Hab":7.8,"provincia":"Pinar del Río"},{"municipio":"Placetas","poblacion":67408,"masculinidad":0.4986,"Hombres":33612,"mujeres":33796,"n":12,"Tasa.10^5Hab":17.8,"provincia":"Villa Clara"},{"municipio":"Playa","poblacion":179222,"masculinidad":0.4656,"Hombres":83438,"mujeres":95784,"n":103,"Tasa.10^5Hab":57.47,"provincia":"La Habana"},{"municipio":"Plaza de la Revolución","poblacion":143148,"masculinidad":0.4565,"Hombres":65354,"mujeres":77794,"n":72,"Tasa.10^5Hab":50.3,"provincia":"La Habana"},{"municipio":"Primero de Enero","poblacion":23039,"masculinidad":0.5153,"Hombres":11871,"mujeres":11168,"provincia":"Ciego de Ávila"},{"municipio":"Puerto Padre","poblacion":91879,"masculinidad":0.5085,"Hombres":46718,"mujeres":45161,"n":8,"Tasa.10^5Hab":8.71,"provincia":"Las Tunas"},{"municipio":"Quemado de Güines","poblacion":21183,"masculinidad":0.5116,"Hombres":10838,"mujeres":10345,"provincia":"Villa Clara"},{"municipio":"Quivicán","poblacion":30077,"masculinidad":0.5106,"Hombres":15358,"mujeres":14719,"provincia":"Mayabeque"},{"municipio":"Rafael Freyre","poblacion":53696,"masculinidad":0.5134,"Hombres":27567,"mujeres":26129,"n":1,"Tasa.10^5Hab":1.86,"provincia":"Holguín"},{"municipio":"Ranchuelo","poblacion":52866,"masculinidad":0.503,"Hombres":26590,"mujeres":26276,"n":7,"Tasa.10^5Hab":13.24,"provincia":"Villa Clara"},{"municipio":"Regla","poblacion":43800,"masculinidad":0.4835,"Hombres":21179,"mujeres":22621,"n":36,"Tasa.10^5Hab":82.19,"provincia":"La Habana"},{"municipio":"Remedios","poblacion":44019,"masculinidad":0.499,"Hombres":21967,"mujeres":22052,"n":4,"Tasa.10^5Hab":9.09,"provincia":"Villa Clara"},{"municipio":"Río Cauto","poblacion":46611,"masculinidad":0.5156,"Hombres":24032,"mujeres":22579,"provincia":"Granma"},{"municipio":"Rodas","poblacion":33703,"masculinidad":0.5142,"Hombres":17330,"mujeres":16373,"provincia":"Cienfuegos"},{"municipio":"Sagua de Tánamo","poblacion":46630,"masculinidad":0.5129,"Hombres":23918,"mujeres":22712,"provincia":"Holguín"},{"municipio":"Sagua la Grande","poblacion":51418,"masculinidad":0.4928,"Hombres":25338,"mujeres":26080,"provincia":"Villa Clara"},{"municipio":"San Antonio de los Baños","poblacion":50483,"masculinidad":0.4956,"Hombres":25017,"mujeres":25466,"n":4,"Tasa.10^5Hab":7.92,"provincia":"Artemisa"},{"municipio":"San Antonio del Sur","poblacion":25941,"masculinidad":0.5156,"Hombres":13376,"mujeres":12565,"provincia":"Guantánamo"},{"municipio":"San Cristóbal","poblacion":71654,"masculinidad":0.5039,"Hombres":36105,"mujeres":35549,"n":4,"Tasa.10^5Hab":5.58,"provincia":"Artemisa"},{"municipio":"San José de las Lajas","poblacion":79315,"masculinidad":0.5202,"Hombres":41258,"mujeres":38057,"n":34,"Tasa.10^5Hab":42.87,"provincia":"Mayabeque"},{"municipio":"San Juan y Martínez","poblacion":43286,"masculinidad":0.5106,"Hombres":22101,"mujeres":21185,"provincia":"Pinar del Río"},{"municipio":"San Luis","poblacion":111203,"masculinidad":0.5205,"Hombres":57885.589,"mujeres":53317.411,"n":2,"Tasa.10^5Hab":1.8,"provincia":"Santiago de Cuba"},{"municipio":"San Luis","poblacion":111203,"masculinidad":0.5205,"Hombres":57885.589,"mujeres":53317.411,"n":2,"Tasa.10^5Hab":1.8,"provincia":"Pinar del Río"},{"municipio":"San Miguel del Padrón","poblacion":158092,"masculinidad":0.4847,"Hombres":76623,"mujeres":81469,"n":88,"Tasa.10^5Hab":55.66,"provincia":"La Habana"},{"municipio":"San Nicolás","poblacion":20755,"masculinidad":0.496,"Hombres":10295,"mujeres":10460,"provincia":"Mayabeque"},{"municipio":"Sancti Spíritus","poblacion":142973,"masculinidad":0.4944,"Hombres":70685,"mujeres":72288,"n":9,"Tasa.10^5Hab":6.29,"provincia":"Sancti Spíritus"},{"municipio":"Sandino","poblacion":36398,"masculinidad":0.5205,"Hombres":18944,"mujeres":17454,"provincia":"Pinar del Río"},{"municipio":"Santa Clara","poblacion":246165,"masculinidad":0.4897,"Hombres":120535,"mujeres":125630,"n":138,"Tasa.10^5Hab":56.06,"provincia":"Villa Clara"},{"municipio":"Santa Cruz del Norte","poblacion":35150,"masculinidad":0.5034,"Hombres":17693,"mujeres":17457,"provincia":"Mayabeque"},{"municipio":"Santa Cruz del Sur","poblacion":42576,"masculinidad":0.5173,"Hombres":22024,"mujeres":20552,"provincia":"Camagüey"},{"municipio":"Santiago de Cuba","poblacion":509971,"masculinidad":0.4855,"Hombres":247569,"mujeres":262402,"n":36,"Tasa.10^5Hab":7.06,"provincia":"Santiago de Cuba"},{"municipio":"Santo Domingo","poblacion":48952,"masculinidad":0.5031,"Hombres":24628,"mujeres":24324,"n":5,"Tasa.10^5Hab":10.21,"provincia":"Villa Clara"},{"municipio":"Segundo Frente","poblacion":40299,"masculinidad":0.5112,"Hombres":20600,"mujeres":19699,"provincia":"Santiago de Cuba"},{"municipio":"Sibanicú","poblacion":30107,"masculinidad":0.5166,"Hombres":15552,"mujeres":14555,"n":1,"Tasa.10^5Hab":3.32,"provincia":"Camagüey"},{"municipio":"Sierra de Cubitas","poblacion":18196,"masculinidad":0.516,"Hombres":9389,"mujeres":8807,"provincia":"Camagüey"},{"municipio":"Taguasco","poblacion":33803,"masculinidad":0.5123,"Hombres":17317,"mujeres":16486,"n":18,"Tasa.10^5Hab":53.25,"provincia":"Sancti Spíritus"},{"municipio":"Tercer Frente","poblacion":30425,"masculinidad":0.5245,"Hombres":15959,"mujeres":14466,"provincia":"Santiago de Cuba"},{"municipio":"Trinidad","poblacion":76885,"masculinidad":0.5041,"Hombres":38761,"mujeres":38124,"n":6,"Tasa.10^5Hab":7.8,"provincia":"Sancti Spíritus"},{"municipio":"Unión de Reyes","poblacion":36068,"masculinidad":0.5085,"Hombres":18339,"mujeres":17729,"n":2,"Tasa.10^5Hab":5.55,"provincia":"Matanzas"},{"municipio":"Urbano Noris","poblacion":39324,"masculinidad":0.512,"Hombres":20133,"mujeres":19191,"provincia":"Holguín"},{"municipio":"Venezuela","poblacion":26356,"masculinidad":0.52,"Hombres":13705,"mujeres":12651,"n":18,"Tasa.10^5Hab":68.3,"provincia":"Ciego de Ávila"},{"municipio":"Vertientes","poblacion":50599,"masculinidad":0.5127,"Hombres":25941,"mujeres":24658,"n":1,"Tasa.10^5Hab":1.98,"provincia":"Camagüey"},{"municipio":"Viñales","poblacion":28938,"masculinidad":0.5104,"Hombres":14769,"mujeres":14169,"n":2,"Tasa.10^5Hab":6.91,"provincia":"Pinar del Río"},{"municipio":"Yaguajay","poblacion":55072,"masculinidad":0.5089,"Hombres":28025,"mujeres":27047,"provincia":"Sancti Spíritus"},{"municipio":"Yara","poblacion":55712,"masculinidad":0.5151,"Hombres":28699,"mujeres":27013,"provincia":"Granma"},{"municipio":"Yateras","poblacion":19061,"masculinidad":0.5222,"Hombres":9953,"mujeres":9108,"provincia":"Guantánamo"}]
