[{"Provincia":"La Habana","Casos":1380,"Población":2131480,"Tasa.10^5Hab":64.7437},{"Provincia":"Isla de la Juventud","Casos":42,"Población":83801,"Tasa.10^5Hab":50.1187},{"Provincia":"Matanzas","Casos":207,"Población":714843,"Tasa.10^5Hab":28.9574},{"Provincia":"Villa Clara","Casos":221,"Población":780749,"Tasa.10^5Hab":28.3062},{"Provincia":"Ciego de Ávila","Casos":96,"Población":435006,"Tasa.10^5Hab":22.0687},{"Provincia":"Mayabeque","Casos":56,"Población":383043,"Tasa.10^5Hab":14.6198},{"Provincia":"Sancti Spíritus","Casos":68,"Población":465780,"Tasa.10^5Hab":14.5992},{"Provincia":"Holguín","Casos":94,"Población":1027249,"Tasa.10^5Hab":9.1507},{"Provincia":"Pinar del Río","Casos":52,"Población":588555,"Tasa.10^5Hab":8.8352},{"Provincia":"Artemisa","Casos":38,"Población":511079,"Tasa.10^5Hab":7.4352},{"Provincia":"Camagüey","Casos":49,"Población":767138,"Tasa.10^5Hab":6.3874},{"Provincia":"Cienfuegos","Casos":25,"Población":406751,"Tasa.10^5Hab":6.1463},{"Provincia":"Santiago de Cuba","Casos":51,"Población":1049256,"Tasa.10^5Hab":4.8606},{"Provincia":"Guantánamo","Casos":19,"Población":508552,"Tasa.10^5Hab":3.7361},{"Provincia":"Las Tunas","Casos":19,"Población":535335,"Tasa.10^5Hab":3.5492},{"Provincia":"Granma","Casos":15,"Población":823651,"Tasa.10^5Hab":1.8212}]
