[{"Fecha de fallecimiento":"2020-03-18","Fecha de detección":"2020-03-11","Nacionalidad":"Italiano","sexo":"hombre","edad":61,"tiempo.detección":7,"clasificación":"Antes del deceso","rango":"60-79","rango2":"60-69"},{"Fecha de fallecimiento":"2020-03-26","Fecha de detección":"2020-03-22","Nacionalidad":"Ruso","sexo":"hombre","edad":45,"tiempo.detección":4,"clasificación":"Antes del deceso","rango":"40-59","rango2":"40-49"},{"Fecha de fallecimiento":"2020-03-28","Fecha de detección":"2020-03-27","Nacionalidad":"Cubano","sexo":"hombre","edad":52,"tiempo.detección":1,"clasificación":"Antes del deceso","rango":"40-59","rango2":"50-59"},{"Fecha de fallecimiento":"2020-03-28","Fecha de detección":"2020-03-29","Nacionalidad":"Cubano","sexo":"hombre","edad":63,"tiempo.detección":-1,"clasificación":"Después del deceso","rango":"60-79","rango2":"60-69"},{"Fecha de fallecimiento":"2020-03-30","Fecha de detección":"2020-03-29","Nacionalidad":"Cubano","sexo":"hombre","edad":63,"tiempo.detección":1,"clasificación":"Antes del deceso","rango":"60-79","rango2":"60-69"},{"Fecha de fallecimiento":"2020-03-30","Fecha de detección":"2020-03-30","Nacionalidad":"Cubano","sexo":"hombre","edad":75,"tiempo.detección":0,"clasificación":"Mismo día del deceso","rango":"60-79","rango2":"70-79"},{"Fecha de fallecimiento":"2020-04-02","Fecha de detección":"2020-04-04","Nacionalidad":"Cubano","sexo":"hombre","edad":74,"tiempo.detección":-2,"clasificación":"Después del deceso","rango":"60-79","rango2":"70-79"},{"Fecha de fallecimiento":"2020-04-04","Fecha de detección":"2020-03-24","Nacionalidad":"Cubano","sexo":"mujer","edad":71,"tiempo.detección":11,"clasificación":"Antes del deceso","rango":"60-79","rango2":"70-79"},{"Fecha de fallecimiento":"2020-04-05","Fecha de detección":"2020-04-05","Nacionalidad":"Cubano","sexo":"hombre","edad":38,"tiempo.detección":0,"clasificación":"Mismo día del deceso","rango":"20-39","rango2":"30-39"},{"Fecha de fallecimiento":"2020-04-06","Fecha de detección":"2020-04-03","Nacionalidad":"Cubano","sexo":"mujer","edad":101,"tiempo.detección":3,"clasificación":"Antes del deceso","rango":"80 o más","rango2":"100 o más"},{"Fecha de fallecimiento":"2020-04-06","Fecha de detección":"2020-04-04","Nacionalidad":"Cubano","sexo":"hombre","edad":68,"tiempo.detección":2,"clasificación":"Antes del deceso","rango":"60-79","rango2":"60-69"},{"Fecha de fallecimiento":"2020-04-08","Fecha de detección":"2020-03-23","Nacionalidad":"Cubano","sexo":"hombre","edad":49,"tiempo.detección":16,"clasificación":"Antes del deceso","rango":"40-59","rango2":"40-49"},{"Fecha de fallecimiento":"2020-04-08","Fecha de detección":"2020-04-05","Nacionalidad":"Cubano","sexo":"mujer","edad":62,"tiempo.detección":3,"clasificación":"Antes del deceso","rango":"60-79","rango2":"60-69"},{"Fecha de fallecimiento":"2020-04-08","Fecha de detección":"2020-04-08","Nacionalidad":"Cubano","sexo":"mujer","edad":75,"tiempo.detección":0,"clasificación":"Mismo día del deceso","rango":"60-79","rango2":"70-79"},{"Fecha de fallecimiento":"2020-04-08","Fecha de detección":"2020-04-08","Nacionalidad":"Cubano","sexo":"mujer","edad":80,"tiempo.detección":0,"clasificación":"Mismo día del deceso","rango":"80 o más","rango2":"80-89"},{"Fecha de fallecimiento":"2020-04-10","Fecha de detección":"2020-03-26","Nacionalidad":"Cubano","sexo":"mujer","edad":91,"tiempo.detección":15,"clasificación":"Antes del deceso","rango":"80 o más","rango2":"90-99"},{"Fecha de fallecimiento":"2020-04-11","Fecha de detección":"2020-04-11","Nacionalidad":"Cubano","sexo":"hombre","edad":88,"tiempo.detección":0,"clasificación":"Mismo día del deceso","rango":"80 o más","rango2":"80-89"},{"Fecha de fallecimiento":"2020-04-11","Fecha de detección":"2020-04-11","Nacionalidad":"Cubano","sexo":"hombre","edad":80,"tiempo.detección":0,"clasificación":"Mismo día del deceso","rango":"80 o más","rango2":"80-89"},{"Fecha de fallecimiento":"2020-04-12","Fecha de detección":"2020-04-05","Nacionalidad":"Cubano","sexo":"hombre","edad":62,"tiempo.detección":7,"clasificación":"Antes del deceso","rango":"60-79","rango2":"60-69"},{"Fecha de fallecimiento":"2020-04-12","Fecha de detección":"2020-04-12","Nacionalidad":"Cubano","sexo":"mujer","edad":75,"tiempo.detección":0,"clasificación":"Mismo día del deceso","rango":"60-79","rango2":"70-79"},{"Fecha de fallecimiento":"2020-04-12","Fecha de detección":"2020-03-24","Nacionalidad":"Cubano","sexo":"hombre","edad":83,"tiempo.detección":19,"clasificación":"Antes del deceso","rango":"80 o más","rango2":"80-89"},{"Fecha de fallecimiento":"2020-04-14","Fecha de detección":"2020-04-05","Nacionalidad":"Cubano","sexo":"hombre","edad":66,"tiempo.detección":9,"clasificación":"Antes del deceso","rango":"60-79","rango2":"60-69"},{"Fecha de fallecimiento":"2020-04-14","Fecha de detección":"2020-04-14","Nacionalidad":"Cubano","sexo":"hombre","edad":88,"tiempo.detección":0,"clasificación":"Mismo día del deceso","rango":"80 o más","rango2":"80-89"},{"Fecha de fallecimiento":"2020-04-14","Fecha de detección":"2020-04-03","Nacionalidad":"Cubano","sexo":"mujer","edad":68,"tiempo.detección":11,"clasificación":"Antes del deceso","rango":"60-79","rango2":"60-69"},{"Fecha de fallecimiento":"2020-04-15","Fecha de detección":"2020-04-03","Nacionalidad":"Cubano","sexo":"hombre","edad":84,"tiempo.detección":12,"clasificación":"Antes del deceso","rango":"80 o más","rango2":"80-89"},{"Fecha de fallecimiento":"2020-04-15","Fecha de detección":"2020-04-15","Nacionalidad":"Cubano","sexo":"hombre","edad":58,"tiempo.detección":0,"clasificación":"Mismo día del deceso","rango":"40-59","rango2":"50-59"},{"Fecha de fallecimiento":"2020-04-15","Fecha de detección":"2020-04-15","Nacionalidad":"Cubano","sexo":"mujer","edad":73,"tiempo.detección":0,"clasificación":"Mismo día del deceso","rango":"60-79","rango2":"70-79"},{"Fecha de fallecimiento":"2020-04-16","Fecha de detección":"2020-04-13","Nacionalidad":"Cubano","sexo":"hombre","edad":78,"tiempo.detección":3,"clasificación":"Antes del deceso","rango":"60-79","rango2":"70-79"},{"Fecha de fallecimiento":"2020-04-16","Fecha de detección":"2020-04-16","Nacionalidad":"Cubano","sexo":"hombre","edad":83,"tiempo.detección":0,"clasificación":"Mismo día del deceso","rango":"80 o más","rango2":"80-89"},{"Fecha de fallecimiento":"2020-04-16","Fecha de detección":"2020-04-23","Nacionalidad":"Cubano","sexo":"hombre","edad":35,"tiempo.detección":-7,"clasificación":"Después del deceso","rango":"20-39","rango2":"30-39"},{"Fecha de fallecimiento":"2020-04-16","Fecha de detección":"2020-04-14","Nacionalidad":"Cubano","sexo":"hombre","edad":76,"tiempo.detección":2,"clasificación":"Antes del deceso","rango":"60-79","rango2":"70-79"},{"Fecha de fallecimiento":"2020-04-16","Nacionalidad":"Cubano","sexo":"mujer","edad":72,"rango":"60-79","rango2":"70-79"},{"Fecha de fallecimiento":"2020-04-17","Fecha de detección":"2020-03-30","Nacionalidad":"Cubano","sexo":"hombre","edad":44,"tiempo.detección":18,"clasificación":"Antes del deceso","rango":"40-59","rango2":"40-49"},{"Fecha de fallecimiento":"2020-04-18","Fecha de detección":"2020-04-10","Nacionalidad":"Cubano","sexo":"hombre","edad":81,"tiempo.detección":8,"clasificación":"Antes del deceso","rango":"80 o más","rango2":"80-89"},{"Fecha de fallecimiento":"2020-04-18","Fecha de detección":"2020-04-20","Nacionalidad":"Cubano","sexo":"hombre","edad":65,"tiempo.detección":-2,"clasificación":"Después del deceso","rango":"60-79","rango2":"60-69"},{"Fecha de fallecimiento":"2020-04-18","Fecha de detección":"2020-04-16","Nacionalidad":"Cubano","sexo":"mujer","edad":88,"tiempo.detección":2,"clasificación":"Antes del deceso","rango":"80 o más","rango2":"80-89"},{"Fecha de fallecimiento":"2020-04-19","Fecha de detección":"2020-04-04","Nacionalidad":"Cubano","sexo":"mujer","edad":72,"tiempo.detección":15,"clasificación":"Antes del deceso","rango":"60-79","rango2":"70-79"},{"Fecha de fallecimiento":"2020-04-19","Fecha de detección":"2020-04-18","Nacionalidad":"Cubano","sexo":"hombre","edad":77,"tiempo.detección":1,"clasificación":"Antes del deceso","rango":"60-79","rango2":"70-79"},{"Fecha de fallecimiento":"2020-04-20","Fecha de detección":"2020-04-15","Nacionalidad":"Cubano","sexo":"mujer","edad":85,"tiempo.detección":5,"clasificación":"Antes del deceso","rango":"80 o más","rango2":"80-89"},{"Fecha de fallecimiento":"2020-04-21","Fecha de detección":"2020-04-17","Nacionalidad":"Cubano","sexo":"hombre","edad":84,"tiempo.detección":4,"clasificación":"Antes del deceso","rango":"80 o más","rango2":"80-89"},{"Fecha de fallecimiento":"2020-04-21","Fecha de detección":"2020-04-17","Nacionalidad":"Cubano","sexo":"hombre","edad":86,"tiempo.detección":4,"clasificación":"Antes del deceso","rango":"80 o más","rango2":"80-89"},{"Fecha de fallecimiento":"2020-04-22","Fecha de detección":"2020-04-13","Nacionalidad":"Cubano","sexo":"mujer","edad":86,"tiempo.detección":9,"clasificación":"Antes del deceso","rango":"80 o más","rango2":"80-89"},{"Fecha de fallecimiento":"2020-04-22","Fecha de detección":"2020-04-21","Nacionalidad":"Cubano","sexo":"hombre","edad":74,"tiempo.detección":1,"clasificación":"Antes del deceso","rango":"60-79","rango2":"70-79"},{"Fecha de fallecimiento":"2020-04-22","Fecha de detección":"2020-04-22","Nacionalidad":"Cubano","sexo":"hombre","edad":87,"tiempo.detección":0,"clasificación":"Mismo día del deceso","rango":"80 o más","rango2":"80-89"},{"Fecha de fallecimiento":"2020-04-23","Fecha de detección":"2020-04-04","Nacionalidad":"Cubano","sexo":"mujer","edad":67,"tiempo.detección":19,"clasificación":"Antes del deceso","rango":"60-79","rango2":"60-69"},{"Fecha de fallecimiento":"2020-04-23","Fecha de detección":"2020-04-09","Nacionalidad":"Cubano","sexo":"mujer","edad":98,"tiempo.detección":14,"clasificación":"Antes del deceso","rango":"80 o más","rango2":"90-99"},{"Fecha de fallecimiento":"2020-04-23","Fecha de detección":"2020-04-14","Nacionalidad":"Cubano","sexo":"mujer","edad":80,"tiempo.detección":9,"clasificación":"Antes del deceso","rango":"80 o más","rango2":"80-89"},{"Fecha de fallecimiento":"2020-04-23","Fecha de detección":"2020-04-23","Nacionalidad":"Cubano","sexo":"hombre","edad":84,"tiempo.detección":0,"clasificación":"Mismo día del deceso","rango":"80 o más","rango2":"80-89"},{"Fecha de fallecimiento":"2020-04-23","Fecha de detección":"2020-04-16","Nacionalidad":"Cubano","sexo":"mujer","edad":80,"tiempo.detección":7,"clasificación":"Antes del deceso","rango":"80 o más","rango2":"80-89"},{"Fecha de fallecimiento":"2020-04-24","Fecha de detección":"2020-04-07","Nacionalidad":"Cubano","sexo":"hombre","edad":62,"tiempo.detección":17,"clasificación":"Antes del deceso","rango":"60-79","rango2":"60-69"},{"Fecha de fallecimiento":"2020-04-24","Fecha de detección":"2020-04-10","Nacionalidad":"Cubano","sexo":"mujer","edad":60,"tiempo.detección":14,"clasificación":"Antes del deceso","rango":"60-79","rango2":"60-69"},{"Fecha de fallecimiento":"2020-04-25","Fecha de detección":"2020-04-14","Nacionalidad":"Cubano","sexo":"mujer","edad":84,"tiempo.detección":11,"clasificación":"Antes del deceso","rango":"80 o más","rango2":"80-89"},{"Fecha de fallecimiento":"2020-04-25","Nacionalidad":"Cubano","sexo":"mujer","edad":77,"rango":"60-79","rango2":"70-79"},{"Fecha de fallecimiento":"2020-04-25","Nacionalidad":"Cubano","sexo":"hombre","edad":73,"rango":"60-79","rango2":"70-79"},{"Fecha de fallecimiento":"2020-04-26","Fecha de detección":"2020-04-26","Nacionalidad":"Cubano","sexo":"hombre","edad":53,"tiempo.detección":0,"clasificación":"Mismo día del deceso","rango":"40-59","rango2":"50-59"},{"Fecha de fallecimiento":"2020-04-26","Fecha de detección":"2020-04-17","Nacionalidad":"Cubano","sexo":"mujer","edad":69,"tiempo.detección":9,"clasificación":"Antes del deceso","rango":"60-79","rango2":"60-69"},{"Fecha de fallecimiento":"2020-04-27","Fecha de detección":"2020-04-17","Nacionalidad":"Cubano","sexo":"hombre","edad":85,"tiempo.detección":10,"clasificación":"Antes del deceso","rango":"80 o más","rango2":"80-89"},{"Fecha de fallecimiento":"2020-04-27","Fecha de detección":"2020-04-27","Nacionalidad":"Cubano","sexo":"hombre","edad":63,"tiempo.detección":0,"clasificación":"Mismo día del deceso","rango":"60-79","rango2":"60-69"},{"Fecha de fallecimiento":"2020-04-28","Fecha de detección":"2020-04-08","Nacionalidad":"Cubano","sexo":"mujer","edad":95,"tiempo.detección":20,"clasificación":"Antes del deceso","rango":"80 o más","rango2":"90-99"},{"Fecha de fallecimiento":"2020-04-29","Fecha de detección":"2020-04-27","Nacionalidad":"Cubano","sexo":"mujer","edad":77,"tiempo.detección":2,"clasificación":"Antes del deceso","rango":"60-79","rango2":"70-79"},{"Fecha de fallecimiento":"2020-04-29","Fecha de detección":"2020-04-14","Nacionalidad":"Cubano","sexo":"mujer","edad":80,"tiempo.detección":15,"clasificación":"Antes del deceso","rango":"80 o más","rango2":"80-89"},{"Fecha de fallecimiento":"2020-04-29","Fecha de detección":"2020-04-29","Nacionalidad":"Cubano","sexo":"hombre","edad":58,"tiempo.detección":0,"clasificación":"Mismo día del deceso","rango":"40-59","rango2":"50-59"},{"Fecha de fallecimiento":"2020-04-30","Fecha de detección":"2020-04-30","Nacionalidad":"Cubano","sexo":"hombre","edad":86,"tiempo.detección":0,"clasificación":"Mismo día del deceso","rango":"80 o más","rango2":"80-89"},{"Fecha de fallecimiento":"2020-04-30","Fecha de detección":"2020-04-30","Nacionalidad":"Cubano","sexo":"mujer","edad":72,"tiempo.detección":0,"clasificación":"Mismo día del deceso","rango":"60-79","rango2":"70-79"},{"Fecha de fallecimiento":"2020-05-01","Fecha de detección":"2020-04-14","Nacionalidad":"Cubano","sexo":"mujer","edad":59,"tiempo.detección":17,"clasificación":"Antes del deceso","rango":"40-59","rango2":"50-59"},{"Fecha de fallecimiento":"2020-05-01","Fecha de detección":"2020-05-01","Nacionalidad":"Cubano","sexo":"hombre","edad":87,"tiempo.detección":0,"clasificación":"Mismo día del deceso","rango":"80 o más","rango2":"80-89"},{"Fecha de fallecimiento":"2020-05-02","Fecha de detección":"2020-05-01","Nacionalidad":"Cubano","sexo":"hombre","edad":58,"tiempo.detección":1,"clasificación":"Antes del deceso","rango":"40-59","rango2":"50-59"},{"Fecha de fallecimiento":"2020-05-03","Fecha de detección":"2020-04-24","Nacionalidad":"Cubano","sexo":"mujer","edad":79,"tiempo.detección":9,"clasificación":"Antes del deceso","rango":"60-79","rango2":"70-79"},{"Fecha de fallecimiento":"2020-05-03","Fecha de detección":"2020-04-27","Nacionalidad":"Cubano","sexo":"hombre","edad":82,"tiempo.detección":6,"clasificación":"Antes del deceso","rango":"80 o más","rango2":"80-89"},{"Fecha de fallecimiento":"2020-05-06","Fecha de detección":"2020-05-04","Nacionalidad":"Cubano","sexo":"hombre","edad":83,"tiempo.detección":2,"clasificación":"Antes del deceso","rango":"80 o más","rango2":"80-89"},{"Fecha de fallecimiento":"2020-05-06","Fecha de detección":"2020-05-06","Nacionalidad":"Cubano","sexo":"hombre","edad":79,"tiempo.detección":0,"clasificación":"Mismo día del deceso","rango":"60-79","rango2":"70-79"},{"Fecha de fallecimiento":"2020-05-06","Fecha de detección":"2020-05-06","Nacionalidad":"Cubano","sexo":"mujer","edad":94,"tiempo.detección":0,"clasificación":"Mismo día del deceso","rango":"80 o más","rango2":"90-99"},{"Fecha de fallecimiento":"2020-05-06","Fecha de detección":"2020-05-04","Nacionalidad":"Cubano","sexo":"hombre","edad":92,"tiempo.detección":2,"clasificación":"Antes del deceso","rango":"80 o más","rango2":"90-99"},{"Fecha de fallecimiento":"2020-05-07","Fecha de detección":"2020-05-02","Nacionalidad":"Cubano","sexo":"mujer","edad":77,"tiempo.detección":5,"clasificación":"Antes del deceso","rango":"60-79","rango2":"70-79"},{"Fecha de fallecimiento":"2020-05-09","Fecha de detección":"2020-05-01","Nacionalidad":"Cubano","sexo":"hombre","edad":53,"tiempo.detección":8,"clasificación":"Antes del deceso","rango":"40-59","rango2":"50-59"},{"Fecha de fallecimiento":"2020-05-09","Nacionalidad":"Cubano","sexo":"hombre","edad":59,"rango":"40-59","rango2":"50-59"},{"Fecha de fallecimiento":"2020-05-09","Fecha de detección":"2020-05-08","Nacionalidad":"Cubano","sexo":"hombre","edad":64,"tiempo.detección":1,"clasificación":"Antes del deceso","rango":"60-79","rango2":"60-69"},{"Fecha de fallecimiento":"2020-05-11","Fecha de detección":"2020-05-11","Nacionalidad":"Cubano","sexo":"hombre","edad":58,"tiempo.detección":0,"clasificación":"Mismo día del deceso","rango":"40-59","rango2":"50-59"},{"Fecha de fallecimiento":"2020-05-12","Fecha de detección":"2020-05-09","Nacionalidad":"Cubano","sexo":"mujer","edad":83,"tiempo.detección":3,"clasificación":"Antes del deceso","rango":"80 o más","rango2":"80-89"},{"Fecha de fallecimiento":"2020-05-20","Fecha de detección":"2020-04-30","Nacionalidad":"Cubano","sexo":"hombre","edad":78,"tiempo.detección":20,"clasificación":"Antes del deceso","rango":"60-79","rango2":"70-79"},{"Fecha de fallecimiento":"2020-05-21","Fecha de detección":"2020-04-19","Nacionalidad":"Cubano","sexo":"hombre","edad":56,"tiempo.detección":32,"clasificación":"Antes del deceso","rango":"40-59","rango2":"50-59"},{"Fecha de fallecimiento":"2020-05-23","Fecha de detección":"2020-05-06","Nacionalidad":"Cubano","sexo":"mujer","edad":85,"tiempo.detección":17,"clasificación":"Antes del deceso","rango":"80 o más","rango2":"80-89"},{"Fecha de fallecimiento":"2020-05-29","Fecha de detección":"2020-05-03","Nacionalidad":"Cubano","sexo":"mujer","edad":77,"tiempo.detección":26,"clasificación":"Antes del deceso","rango":"60-79","rango2":"70-79"},{"Fecha de fallecimiento":"2020-06-10","Fecha de detección":"2020-06-08","Nacionalidad":"Cubano","sexo":"hombre","edad":80,"tiempo.detección":2,"clasificación":"Antes del deceso","rango":"80 o más","rango2":"80-89"},{"Fecha de fallecimiento":"2020-06-26","Fecha de detección":"2020-06-06","Nacionalidad":"Cubano","sexo":"mujer","edad":78,"tiempo.detección":20,"clasificación":"Antes del deceso","rango":"60-79","rango2":"70-79"},{"Fecha de fallecimiento":"2020-07-08","Fecha de detección":"2020-07-10","Nacionalidad":"Cubano","sexo":"hombre","edad":68,"tiempo.detección":-2,"clasificación":"Después del deceso","rango":"60-79","rango2":"60-69"}]
